OTU	Test-Statistic	P	FDR_P	Bonferroni_P	Control_mean	Crohns (surgery)_mean	Crohns_mean
4380886	307.821624318	1.43675783497e-67	1.0804418919e-64	1.0804418919e-64	0.336898395722	12.5238095238	2.47641509434
4455386	299.697539197	8.34653546911e-66	3.13829733639e-63	6.27659467277e-63	0.0775401069519	48.2789115646	11.9009433962
4393352	252.710444588	1.33236801399e-55	3.3398024884e-53	1.00194074652e-52	0.0	1.12244897959	0.367924528302
3537197	237.445462226	2.75025524183e-52	5.17047985463e-50	2.06819194185e-49	16.2459893048	0.292517006803	12.8301886792
4414420	234.483476612	1.20937226622e-51	1.81889588839e-49	9.09447944195e-49	130.219251337	0.0340136054422	0.764150943396
4407939	226.032687943	8.2722842356e-50	1.03679295753e-47	6.22075774517e-47	0.534759358289	7.31972789116	1.36320754717
4481131	223.966178596	2.32467503393e-49	2.49736517931e-47	1.74815562552e-46	351.334224599	49.6054421769	121.839622642
4445692	220.772974389	1.14751331841e-48	1.0786625193e-46	8.62930015442e-46	0.0695187165775	0.843537414966	0.334905660377
4371061	219.628657586	2.03349435623e-48	1.69909750654e-46	1.52918775588e-45	28.1417112299	11.619047619	6.22641509434
2582660	200.655153054	2.68094022859e-44	2.0160670519e-42	2.0160670519e-41	12.6550802139	0.659863945578	7.92452830189
4478815	188.652017312	1.08326557178e-41	7.40559736345e-40	8.14615709979e-39	83.5401069519	17.6870748299	25.1839622642
197624	188.414910761	1.21961280094e-41	7.64290688591e-40	9.17148826309e-39	2.08823529412	0.0	0.745283018868
4454586	171.094794273	7.0345688145e-38	4.06922749885e-36	5.2899957485e-35	14.2058823529	0.0	3.04245283019
4479443	170.704178454	8.55182154979e-38	4.59354986103e-36	6.43096980544e-35	11.5454545455	0.891156462585	0.400943396226
4414476	169.599296619	1.48586951292e-37	7.44915915813e-36	1.11737387372e-34	32.050802139	4.06802721088	6.90566037736
4424063	164.728460534	1.69695094787e-36	7.975669455e-35	1.2761071128e-33	11.8101604278	2.26530612245	3.79245283019
176062	164.38088937	2.01903295712e-36	8.93125166914e-35	1.51831278375e-33	9.27807486631	0.0136054421769	0.622641509434
4478125	160.637921264	1.31195399183e-35	5.48105223252e-34	9.86589401853e-33	53.564171123	7.92517006803	230.094339623
4416570	156.754651733	9.14449801245e-35	3.61929605545e-33	6.87666250536e-32	67.7326203209	25.5646258503	47.0094339623
4447950	156.596330493	9.89780492827e-35	3.72157465303e-33	7.44314930606e-32	110.122994652	18.4285714286	135.330188679
185203	155.138844813	2.05129388018e-34	7.34558570426e-33	1.54257299789e-31	2.40909090909	0.102040816327	9.26886792453
173863	152.459276164	7.83229115621e-34	2.67721952249e-32	5.88988294947e-31	6.78342245989	0.884353741497	2.98113207547
195651	148.79227626	4.89968020479e-33	1.60198239739e-31	3.684559514e-30	2.79144385027	0.530612244898	0.915094339623
4448331	148.057764346	7.07399861998e-33	2.21651956759e-31	5.31964696222e-30	414.13368984	1134.85714286	555.679245283
4459196	144.416511796	4.36870697203e-32	1.28179014421e-30	3.28526764297e-29	4.61229946524	21.4013605442	25.8018867925
4471854	144.387869849	4.43172124327e-32	1.28179014421e-30	3.33265437494e-29	49.6336898396	7.80952380952	17.358490566
4458576	140.317909221	3.3911980712e-31	9.44511462794e-30	2.55018094954e-28	6.72727272727	0.0	0.88679245283
174818	138.003042383	1.07899666829e-30	2.89787676626e-29	8.11405494554e-28	6.21390374332	1.19047619048	7.08962264151
4476527	135.531229516	3.71336336003e-30	9.62913533359e-29	2.79244924674e-27	51.8663101604	0.78231292517	102.872641509
563803	134.535573977	6.10901654164e-30	1.53132681311e-28	4.59398043932e-27	1.94919786096	0.0748299319728	0.0471698113208
4479405	130.68563255	4.18769901369e-29	1.01585472848e-27	3.14914965829e-26	10.756684492	30.0680272109	14.5518867925
4426051	128.079343205	1.54143068513e-28	3.62236211005e-27	1.15915587521e-25	29.179144385	6.56462585034	5.69811320755
4331360	127.153983925	2.44829200677e-28	5.57913814875e-27	1.84111558909e-25	7.7192513369	0.0136054421769	1.71698113208
4352657	126.751991151	2.99333164135e-28	6.62054527734e-27	2.2509853943e-25	35.0294117647	2.05442176871	22.9858490566
179358	125.362574643	5.99601620225e-28	1.28828690974e-26	4.50900418409e-25	2.06684491979	0.0816326530612	7.21698113208
174489	125.11076715	6.80051965285e-28	1.42055299415e-26	5.11399077894e-25	3.19251336898	0.21768707483	1.27358490566
4354486	123.439049424	1.5687400778e-27	3.18835821219e-26	1.17969253851e-24	1.5935828877	0.21768707483	0.334905660377
4453609	123.332002563	1.65499208956e-27	3.27514224039e-26	1.24455405135e-24	66.2860962567	0.21768707483	22.8160377358
4483045	121.159777164	4.9033023595e-27	9.45457275473e-26	3.68728337434e-24	20.9518716578	0.680272108844	12.6462264151
193709	119.745283396	9.94585431553e-27	1.86982061132e-25	7.47928244528e-24	1.27005347594	0.0612244897959	3.40566037736
4301511	119.454685804	1.15012371637e-26	2.1094952066e-25	8.64893034707e-24	5.29679144385	0.12925170068	2.20283018868
187212	117.764415095	2.67782492583e-26	4.79458177197e-25	2.01372434423e-23	1.16310160428	0.755102040816	0.179245283019
452592	115.821489887	7.07429275214e-26	1.23717863944e-24	5.31986814961e-23	0.0	0.43537414966	0.179245283019
4409730	115.663491261	7.65582493313e-26	1.30845007948e-24	5.75718034971e-23	13.9812834225	1.00680272109	10.2547169811
174862	115.506645362	8.28038725174e-26	1.38374471407e-24	6.22685121331e-23	1.52941176471	0.503401360544	0.382075471698
3931537	114.124836845	1.65236715993e-25	2.70126109623e-24	1.24258010427e-22	6.16844919786	2.10204081633	3.27830188679
192015	113.847337229	1.89829992744e-25	3.0372798839e-24	1.42752154543e-22	1.7513368984	0.666666666667	0.339622641509
157453	113.328455803	2.46058572999e-25	3.85491764365e-24	1.85036046895e-22	3.62834224599	0.224489795918	1.06603773585
4476780	112.587231132	3.56445710965e-25	5.47035050298e-24	2.68047174646e-22	26.8101604278	0.816326530612	12.0047169811
4483963	110.892114085	8.3192348237e-25	1.25121291748e-23	6.25606458742e-22	138.27540107	1.06802721088	101.556603774
548503	110.797174432	8.72367076877e-25	1.28631380747e-23	6.56020041812e-22	0.732620320856	0.278911564626	9.58962264151
4392183	110.459260601	1.03294291947e-24	1.49379437584e-23	7.76773075439e-22	1.26737967914	4.2380952381	2.07075471698
4331723	109.442713048	1.71718394491e-24	2.43645721995e-23	1.29132232657e-21	1.28342245989	0.278911564626	0.287735849057
4335781	109.235086719	1.90503212547e-24	2.65293362658e-23	1.43258415835e-21	0.096256684492	3.50340136054	3.2641509434
1144153	109.063828886	2.07534579681e-24	2.83756370764e-23	1.5606600392e-21	0.0427807486631	132.80952381	10.0424528302
188348	108.122987369	3.32193866294e-24	4.46088906166e-23	2.49809787453e-21	0.275401069519	13.7551020408	10.4245283019
166637	108.020422639	3.49673932377e-24	4.61324205522e-23	2.62954797147e-21	0.355614973262	0.0340136054422	6.07075471698
2686369	106.64583608	6.95265910952e-24	9.01448215579e-23	5.22839965036e-21	2.94652406417	2.67346938776	0.731132075472
184394	104.348183446	2.1932082271e-23	2.79541116403e-22	1.64929258678e-20	1.23796791444	0.0272108843537	0.221698113208
2814830	104.224434093	2.33319854506e-23	2.92427550981e-22	1.75456530589e-20	4.22459893048	0.115646258503	5.16037735849
193968	104.088093027	2.49780070147e-23	3.07925594673e-22	1.87834612751e-20	2.57754010695	0.619047619048	2.77830188679
836308	103.874171043	2.77977952568e-23	3.37160355373e-22	2.09039420331e-20	0.724598930481	1.89115646259	0.919811320755
189708	103.352919727	3.60743601718e-23	4.30601886495e-22	2.71279188492e-20	0.735294117647	0.047619047619	0.188679245283
4459708	103.092963592	4.10816042329e-23	4.82708849737e-22	3.08933663831e-20	4.67379679144	0.47619047619	5.01886792453
760967	98.9554061095	3.25167091238e-22	3.76193311709e-21	2.44525652611e-19	4.21390374332	20.3945578231	40.4528301887
349786	98.5145711835	4.0535233024e-22	4.61855988394e-21	3.0482495234e-19	1.80481283422	0.224489795918	0.292452830189
4356065	98.312392851	4.48471801386e-22	5.03359394988e-21	3.37250794642e-19	11.2967914439	0.65306122449	3.23113207547
4469233	97.9130426393	5.47586758525e-22	6.05566532957e-21	4.11785242411e-19	5.36096256684	0.00680272108844	0.27358490566
4467447	97.2300051438	7.70500004012e-22	8.39733337706e-21	5.79416003017e-19	369.802139037	249.972789116	132.363207547
4454531	97.0309461247	8.51133652313e-22	9.14360723628e-21	6.40052506539e-19	4.26737967914	16.3537414966	9.96226415094
9727	96.1010438496	1.35495064331e-21	1.4351026532e-20	1.01892288377e-18	2.22994652406	5.77551020408	2.13679245283
248902	95.6583361066	1.69065985513e-21	1.76580029314e-20	1.27137621106e-18	3.71390374332	0.517006802721	5.9858490566
177230	95.2667202701	2.05633817859e-21	2.11831001411e-20	1.5463663103e-18	3.62299465241	1.3537414966	0.316037735849
4385479	95.2068403135	2.11883581957e-21	2.15319531935e-20	1.59336453632e-18	22.6310160428	551.503401361	139.570754717
185420	94.355034072	3.24387926255e-21	3.25252960725e-20	2.43939720544e-18	14.8342245989	0.0748299319728	6.85849056604
181422	94.2024629229	3.50102398008e-21	3.46417109608e-20	2.63277003302e-18	2.68181818182	0.0204081632653	2.42924528302
174924	94.1120938833	3.66284442625e-21	3.57721949161e-20	2.75445900854e-18	0.288770053476	0.789115646259	1.4858490566
182054	93.4444913642	5.11430374956e-21	4.93071335855e-20	3.84595641967e-18	1.02941176471	0.238095238095	0.221698113208
3302038	93.0334239823	6.28128741416e-21	5.97914953855e-20	4.72352813545e-18	12.6042780749	15.4489795918	2.68867924528
178478	92.7362955885	7.28734409975e-21	6.85010345377e-20	5.48008276301e-18	12.8021390374	0.0884353741497	15.4764150943
4458700	91.7313910014	1.20442991953e-20	1.11818678949e-19	9.05731299488e-18	2.7486631016	3.52380952381	15.2830188679
4472202	91.6126814636	1.27808278148e-20	1.17209542887e-19	9.61118251672e-18	47.3743315508	22.3537414966	6.46698113208
4474380	91.5117456914	1.34424029116e-20	1.21791409512e-19	1.01086869895e-17	25.4411764706	13.9863945578	29.0613207547
4465907	90.5191637773	2.20807251815e-20	1.97675063529e-19	1.66047053365e-17	63.9812834225	60.5034013605	35.3396226415
187883	89.0733488559	4.54954592794e-20	4.02501004448e-19	3.42125853781e-17	0.927807486631	0.115646258503	0.344339622642
4447188	87.523578168	9.87407638618e-20	8.63407609582e-19	7.4253054424e-17	51.2486631016	11.0408163265	1.04716981132
196307	86.399469422	1.73218229525e-19	1.49724262762e-18	1.30260108603e-16	0.197860962567	0.0340136054422	1.81132075472
3409358	85.8545020995	2.27473990216e-19	1.94386864366e-18	1.71060440642e-16	35.1657754011	0.142857142857	30.0094339623
2617854	85.1399499643	3.25158244744e-19	2.74740449492e-18	2.44519000048e-16	4.42513368984	0.0	0.792452830189
744941	84.2639995155	5.03854328295e-19	4.20998283197e-18	3.78898454878e-16	0.347593582888	1.7074829932	0.485849056604
4347520	83.9250377798	5.9691102354e-19	4.93271527145e-18	4.48877089702e-16	2.49732620321	4.21768707483	8.45283018868
178018	83.7019134373	6.67360402949e-19	5.45494590236e-18	5.01855023017e-16	5.44385026738	0.00680272108844	0.0188679245283
185734	82.97031477	9.62110749124e-19	7.77964820797e-18	7.23507283341e-16	0.588235294118	0.115646258503	0.0990566037736
177581	82.3607220875	1.3049577048e-18	1.04396616384e-17	9.81328194008e-16	3.06684491979	1.89795918367	2.06603773585
4278525	81.9721309959	1.58481261433e-18	1.25450430103e-17	1.19177908598e-15	1.45721925134	0.448979591837	0.400943396226
3944484	81.9502184156	1.60227175022e-18	1.255112871e-17	1.20490835616e-15	0.291443850267	7.86394557823	2.09433962264
137183	81.7642031875	1.75844532414e-18	1.36324833377e-17	1.32235088376e-15	0.655080213904	16.4761904762	3.17924528302
2771891	81.3495614877	2.163551166e-18	1.66019436411e-17	1.62699047683e-15	13.8288770053	0.142857142857	11.429245283
4414822	80.0341181923	4.17649583401e-18	3.17244936078e-17	3.14072486718e-15	9.18449197861	0.0884353741497	6.90094339623
592616	79.7619081277	4.78543825485e-18	3.59864956765e-17	3.59864956765e-15	9.3422459893	2.45578231293	13.2311320755
4443172	79.3415190971	5.90483865212e-18	4.39647392712e-17	4.4404386664e-15	13.4705882353	10.5442176871	64.2688679245
4456027	79.1600492005	6.46567279208e-18	4.76684896044e-17	4.86218593964e-15	11.8636363636	4.70068027211	3.29245283019
4454529	78.4185029482	9.36781801428e-18	6.83941664732e-17	7.04459914674e-15	0.0561497326203	3.02040816327	44.3726415094
174901	78.1699618808	1.06073879368e-17	7.66995743121e-17	7.97675572845e-15	1.62299465241	0.0	0.061320754717
191442	77.8900981373	1.22005691857e-17	8.73793145494e-17	9.17482802768e-15	0.510695187166	0.0544217687075	0.155660377358
4483046	77.7215127382	1.32735761689e-17	9.41672573493e-17	9.98172927902e-15	1.66844919786	0.00680272108844	0.0660377358491
4444262	77.1998716734	1.72290314711e-17	1.21086277255e-16	1.29562316663e-14	22.885026738	17.2040816327	3.12264150943
187126	76.4972352043	2.44814104338e-17	1.70463154132e-16	1.84100206462e-14	1.13368983957	0.312925170068	0.452830188679
4480244	76.1817136185	2.86649426213e-17	1.97761805975e-16	2.15560368512e-14	63.3288770053	12.3741496599	43.7311320755
1059977	75.7880772132	3.49002177093e-17	2.38590579249e-16	2.62449637174e-14	0.850267379679	13.4217687075	0.63679245283
173135	75.4305131437	4.17322871768e-17	2.82726846459e-16	3.1382679957e-14	0.767379679144	0.12925170068	0.316037735849
4436552	74.9455602053	5.31836794089e-17	3.57090418888e-16	3.99941269155e-14	221.435828877	0.428571428571	81.7122641509
312770	74.1616474627	7.87050989125e-17	5.23771985683e-16	5.91862343822e-14	0.435828877005	0.0	0.00943396226415
4428676	73.7439231479	9.69863357442e-17	6.39769512979e-16	7.29337244796e-14	1.19786096257	0.170068027211	0.490566037736
1102370	73.6399187355	1.02163278819e-16	6.68059005843e-16	7.68267856719e-14	1.43315508021	0.0	0.122641509434
15728	73.2682764925	1.23025718578e-16	7.96974101349e-16	9.25153403704e-14	3.28342245989	0.91156462585	2.87264150943
313593	73.2525437599	1.23997300343e-16	7.96974101349e-16	9.32459698578e-14	3.68983957219	0.91156462585	3.4858490566
4454025	72.9848629979	1.41754994268e-16	9.03387760081e-16	1.0659975569e-13	0.935828877005	4.51020408163	7.00471698113
4366089	72.1033419431	2.20271461666e-16	1.39196755607e-15	1.65644139173e-13	2.3449197861	0.687074829932	11.8490566038
364289	72.0400833728	2.27349842493e-16	1.42472567962e-15	1.70967081555e-13	0.128342245989	0.0680272108844	1.81603773585
4472174	71.6439875329	2.77144188663e-16	1.72241677582e-15	2.08412429875e-13	20.550802139	36.8639455782	8.5141509434
520413	71.4002238708	3.13067786852e-16	1.92972930912e-15	2.35426975713e-13	0.494652406417	0.047619047619	0.155660377358
48084	70.2274370561	5.62737431725e-16	3.44047600534e-15	4.23178548657e-13	5.29946524064	11.9795918367	34.8537735849
4326080	70.1221713127	5.93149228583e-16	3.59716306366e-15	4.46048219894e-13	0.794117647059	0.136054421769	0.245283018868
3855938	69.8475818545	6.80440747736e-16	4.09353153838e-15	5.11691442298e-13	6.90374331551	0.183673469388	10.8113207547
2442706	69.8301057242	6.86412536247e-16	4.09668434331e-15	5.16182227258e-13	0.770053475936	0.156462585034	1.15094339623
4412540	69.3770620417	8.60919197757e-16	5.09772627333e-15	6.47411236713e-13	7.83155080214	0.00680272108844	0.867924528302
4466843	69.1388665476	9.69808277703e-16	5.6976236315e-15	7.29295824832e-13	0.419786096257	4.91836734694	6.27830188679
2979308	69.0464464185	1.01567476596e-15	5.92083274418e-15	7.63787423999e-13	11.3128342246	3.02040816327	3.37264150943
199694	68.6984835116	1.20868699113e-15	6.99178936406e-15	9.08932617328e-13	1.05080213904	0.244897959184	0.396226415094
4447072	68.6108424689	1.26282990697e-15	7.24922206139e-15	9.49648090043e-13	241.438502674	77.8775510204	139.452830189
851821	67.5453192081	2.15139569261e-15	1.2256436067e-14	1.61784956084e-12	1.82352941176	0.170068027211	18.5943396226
180468	67.1490992716	2.62275884782e-15	1.47619875499e-14	1.97231465356e-12	2.97860962567	1.97959183673	1.16509433962
199490	67.1432349019	2.63046054745e-15	1.47619875499e-14	1.97810633168e-12	0.852941176471	0.156462585034	0.344339622642
4469576	66.5934775416	3.4626618847e-15	1.92883091651e-14	2.60392173729e-12	9.20588235294	26.3401360544	95.3962264151
2532173	66.4178845263	3.7804162846e-15	2.09034782796e-14	2.84287304602e-12	7.40909090909	1.83673469388	6.03773584906
4465072	66.3716516452	3.8688239513e-15	2.12361723458e-14	2.90935561138e-12	14.9064171123	0.0884353741497	4.66037735849
4359797	66.2167980937	4.18027631345e-15	2.27794767226e-14	3.14356778772e-12	3.33957219251	3.44217687075	1.92452830189
185864	66.0923150551	4.4487309128e-15	2.40679542908e-14	3.34544564643e-12	0.614973262032	0.102040816327	0.0377358490566
4457438	65.2879903184	6.6510932237e-15	3.5725872173e-14	5.00162210422e-12	259.839572193	179.93877551	161.221698113
188329	65.0170114957	7.61614736788e-15	4.06194526287e-14	5.72734282064e-12	0.122994652406	0.00680272108844	0.641509433962
171532	64.9299575409	7.95497583793e-15	4.21277593671e-14	5.98214183012e-12	7.53743315508	3.69387755102	3.8820754717
4473509	63.7793585446	1.41412650516e-14	7.43652539775e-14	1.06342313188e-11	14.0909090909	4.19047619048	3.04716981132
4481427	63.4563403263	1.66199907319e-14	8.67932849332e-14	1.24982330304e-11	58.9839572193	19.1292517007	44.4716981132
182089	63.034237895	2.05252830846e-14	1.06448364687e-13	1.54350128796e-11	1.24331550802	0.43537414966	1.05188679245
2749126	62.9498846861	2.14094850803e-14	1.10273512195e-13	1.60999327804e-11	0.101604278075	0.612244897959	0.183962264151
4396292	62.9322846129	2.15987207508e-14	1.10491414997e-13	1.62422380046e-11	1.65240641711	0.176870748299	0.438679245283
2304693	62.6215388683	2.52293237978e-14	1.28192239837e-13	1.89724514959e-11	0.823529411765	2.02040816327	1.1179245283
4472130	62.5744201247	2.58307678204e-14	1.30367365107e-13	1.94247374009e-11	2.39304812834	0.047619047619	0.665094339623
176306	62.5137908049	2.66258085721e-14	1.33484053641e-13	2.00226080462e-11	15.3636363636	9.8231292517	11.4433962264
179291	62.4896068839	2.69497212202e-14	1.34213181176e-13	2.02661903576e-11	0.0641711229947	0.0340136054422	1.47169811321
1504042	62.3535979542	2.88461754604e-14	1.42712657541e-13	2.16923239462e-11	23.2352941176	22.0544217687	8.57075471698
189760	62.2901299783	2.97762592276e-14	1.46351287184e-13	2.23917469391e-11	0.160427807487	0.0136054421769	0.617924528302
558281	61.8343540941	3.73973313605e-14	1.8261554015e-13	2.81227931831e-11	1.00267379679	2.50340136054	1.35377358491
134265	61.7864129957	3.83045963084e-14	1.85839073703e-13	2.88050564239e-11	4.14438502674	31.9727891156	47.6273584906
4472551	61.7422903367	3.91590370247e-14	1.88766640017e-13	2.94475958426e-11	3.80748663102	5.5306122449	0.0990566037736
4417470	61.55875307	4.2922658639e-14	2.05591333099e-13	3.22778392965e-11	0.0748663101604	0.802721088435	0.301886792453
4432891	61.4122737399	4.61842820568e-14	2.19813798144e-13	3.47305801067e-11	1.95721925134	3.08843537415	2.14150943396
4441615	61.2721325383	4.95365175455e-14	2.34285919461e-13	3.72514611942e-11	1.40374331551	5.03401360544	16.3349056604
183932	60.8449155182	6.13330369021e-14	2.8826527344e-13	4.61224437504e-11	0.117647058824	0.0612244897959	2.77830188679
4434334	60.5798346523	7.00254725025e-14	3.27075498894e-13	5.26591553219e-11	5.49732620321	25.6598639456	27.5613207547
131702	60.35586521	7.8323194869e-14	3.63574336676e-13	5.88990425415e-11	0.270053475936	19.3741496599	3.5141509434
2943548	60.1149673346	8.83488098298e-14	4.07596963141e-13	6.6438304992e-11	8.98395721925	1.59863945578	5.98113207547
190913	59.6190663821	1.13209853141e-13	5.19108594892e-13	8.51338095623e-11	8.1550802139	10.6394557823	5.97169811321
187178	59.5473359142	1.17343841109e-13	5.3480344554e-13	8.82425685142e-11	27.8663101604	0.0952380952381	1.17924528302
125624	59.456091803	1.22821304908e-13	5.56395308982e-13	9.2361621291e-11	10.0294117647	0.43537414966	2.46698113208
4423553	59.2289341084	1.37594278052e-13	6.19586210152e-13	1.03470897095e-10	7.89037433155	0.0204081632653	0.471698113208
181174	59.0150307207	1.53125988162e-13	6.8542108987e-13	1.15150743098e-10	2.09625668449	0.30612244898	1.08962264151
4102199	58.8618132005	1.65317818621e-13	7.35615382268e-13	1.24318999603e-10	4.13368983957	0.367346938776	1.8679245283
259604	58.8426323026	1.66910917778e-13	7.38335353936e-13	1.25517010169e-10	0.0588235294118	0.714285714286	1.17452830189
530094	58.6277358461	1.85844159778e-13	8.17279579841e-13	1.39754808153e-10	0.406417112299	0.0408163265306	0.122641509434
177037	58.5661231619	1.91658437029e-13	8.37948515383e-13	1.44127144646e-10	0.98128342246	0.0136054421769	0.334905660377
4232045	58.2097859694	2.29036965103e-13	9.95582645999e-13	1.72235797758e-10	2.64705882353	1.03401360544	2.91037735849
269386	58.1146597363	2.40193903105e-13	1.03807939733e-12	1.80625815135e-10	12.949197861	0.0136054421769	0.325471698113
4465746	58.005922529	2.53614432238e-13	1.08981744596e-12	1.90718053043e-10	0.18449197861	0.510204081633	1.67924528302
4385326	57.9250217863	2.6408354245e-13	1.12835695411e-12	1.98590823923e-10	5.27005347594	1.87074829932	2.99528301887
4430843	57.7263166461	2.91668554974e-13	1.2391793974e-12	2.19334753341e-10	24.8449197861	11.3265306122	0.25
157772	57.6926937976	2.96613366995e-13	1.25310815719e-12	2.2305325198e-10	0.195187165775	0.00680272108844	1.45283018868
3973322	57.5437326861	3.19548816306e-13	1.34246206627e-12	2.40300709862e-10	1.43048128342	0.00680272108844	0.452830188679
230232	57.514583497	3.24240215331e-13	1.35460356627e-12	2.43828641929e-10	0.975935828877	1.02721088435	0.278301886792
163494	57.4383958501	3.36830039686e-13	1.39942646323e-12	2.53296189844e-10	0.427807486631	0.00680272108844	0.146226415094
178799	57.0546780969	4.08069436115e-13	1.68608909867e-12	3.06868215959e-10	4.18983957219	0.0	0.377358490566
165118	57.0173065672	4.15766211764e-13	1.7085037773e-12	3.12656191247e-10	13.9919786096	0.0	0.759433962264
2500766	56.9940443771	4.2063026036e-13	1.71909758582e-12	3.16313955791e-10	6.04812834225	0.00680272108844	0.174528301887
365536	56.9453418442	4.30998871949e-13	1.75182038271e-12	3.24111151706e-10	1.88502673797	0.673469387755	0.872641509434
4479397	56.9347106004	4.33295998916e-13	1.75182038271e-12	3.25838591185e-10	52.3449197861	32.5578231293	48.1603773585
4449054	56.9025166092	4.40327201505e-13	1.77072756969e-12	3.31126055532e-10	86.2727272727	57.156462585	45.179245283
4480529	56.6795366436	4.92260512414e-13	1.96904204966e-12	3.70179905335e-10	16.371657754	7.97959183673	6.87264150943
2307779	56.4083125361	5.63755206831e-13	2.23941917241e-12	4.23943915537e-10	1.32085561497	0.700680272109	0.783018867925
174288	56.401033667	5.65810695156e-13	2.23941917241e-12	4.25489642757e-10	0.716577540107	0.047619047619	0.405660377358
4254528	56.1671148011	6.36012994252e-13	2.50409304543e-12	4.78281771678e-10	0.729946524064	0.482993197279	5.8679245283
4451899	56.143204586	6.43662230633e-13	2.52101040331e-12	4.84033997436e-10	8.10962566845	0.482993197279	6.28773584906
4318284	55.7662261828	7.77173253908e-13	3.02815692715e-12	5.84434286939e-10	0.510695187166	6.30612244898	9.08018867925
4405146	55.7366093463	7.88767595558e-13	3.05749088587e-12	5.9315323186e-10	8.61229946524	0.0	0.693396226415
36892	55.4950991695	8.90004759224e-13	3.43222348173e-12	6.69283578936e-10	2.19786096257	0.00680272108844	0.254716981132
847228	55.2078146526	1.02748471321e-12	3.94218624659e-12	7.72668504331e-10	60.8048128342	59.3129251701	57.3113207547
2035344	55.0830276614	1.09363530069e-12	4.17468906658e-12	8.22413746116e-10	5.04010695187	0.380952380952	1.28773584906
4477861	54.9490447316	1.16940930071e-12	4.44139289967e-12	8.79395794134e-10	0.954545454545	38.1088435374	0.320754716981
4437359	54.8742325367	1.21398076424e-12	4.56747015358e-12	9.12913534711e-10	6.28877005348	0.272108843537	3.21226415094
569244	54.8729611972	1.21475270042e-12	4.56747015358e-12	9.13494030716e-10	1.45989304813	0.00680272108844	0.13679245283
560465	54.8531950201	1.22681773061e-12	4.58988524089e-12	9.22566933419e-10	0.072192513369	0.47619047619	0.202830188679
4331760	54.357460343	1.57190922028e-12	5.85186006758e-12	1.18207573365e-09	3.80748663102	0.00680272108844	0.344339622642
4030287	54.1376333404	1.75453601966e-12	6.49956200388e-12	1.31941108679e-09	0.42513368984	0.047619047619	0.0707547169811
4458306	54.1173624739	1.77240942681e-12	6.53358769099e-12	1.33285188896e-09	3.22192513369	87.0204081633	0.764150943396
246330	54.0411517105	1.84125105296e-12	6.754247765e-12	1.38462079183e-09	0.422459893048	1.2380952381	0.584905660377
2403301	53.9187861135	1.95742152595e-12	7.14553877433e-12	1.47198098751e-09	17.2807486631	0.0	1.74056603774
4372511	53.8949906319	1.98084951358e-12	7.19612963387e-12	1.48959883421e-09	0.673796791444	0.0204081632653	0.0471698113208
173965	53.8724396499	2.00331095841e-12	7.24273961886e-12	1.50648984072e-09	1.71390374332	0.414965986395	0.372641509434
176346	53.6171609558	2.27604807366e-12	8.18941699229e-12	1.71158815139e-09	1.58556149733	0.387755102041	1.15566037736
3696710	53.5210068939	2.38814680314e-12	8.55183998076e-12	1.79588639596e-09	6.67379679144	0.503401360544	4.0
4481613	53.2788206009	2.69557304792e-12	9.60697124187e-12	2.02707093203e-09	16.0614973262	23.231292517	5.33490566038
2119695	53.2042563389	2.79796662067e-12	9.92486272994e-12	2.10407089875e-09	0.521390374332	0.0	0.155660377358
4454432	52.9429846459	3.18843051122e-12	1.12568063119e-11	2.39769974444e-09	4.74598930481	4.47619047619	7.34905660377
302128	52.7771622614	3.46405540549e-12	1.21727554436e-11	2.60496966493e-09	0.564171122995	0.0	0.127358490566
730906	52.7292099318	3.54811384151e-12	1.24101470178e-11	2.66818160882e-09	3.10962566845	5.21088435374	0.882075471698
177941	52.5211045314	3.9371962181e-12	1.37072757223e-11	2.96077155601e-09	0.254010695187	0.0748299319728	1.6179245283
4426438	52.240992792	4.52910668349e-12	1.56953374469e-11	3.40588822598e-09	18.2620320856	18.8843537415	45.9009433962
46026	52.1601456356	4.7159401801e-12	1.62135452243e-11	3.54638701544e-09	5.3743315508	1.63945578231	1.14622641509
176115	52.1576773844	4.72176383528e-12	1.62135452243e-11	3.55076640413e-09	1.28609625668	0.56462585034	0.933962264151
306299	52.0338948677	5.02323265731e-12	1.71703225377e-11	3.7774709583e-09	0.689839572193	0.251700680272	2.21698113208
4443143	52.018764212	5.0613791727e-12	1.72224304881e-11	3.80615713787e-09	3.45187165775	0.904761904762	0.245283018868
230479	51.5285465996	6.46722954156e-12	2.19070117804e-11	4.86335661525e-09	1.03743315508	0.0	0.061320754717
172857	51.4130353291	6.85174559626e-12	2.31054380645e-11	5.15251268839e-09	0.192513368984	0.857142857143	1.25471698113
174840	51.2257176872	7.52448426683e-12	2.52607686101e-11	5.65841216865e-09	5.01871657754	2.52380952381	6.81132075472
197708	50.7177843289	9.70002973997e-12	3.24196549532e-11	7.29442236446e-09	0.101604278075	0.0272108843537	0.448113207547
4465124	50.5489569872	1.055439776e-11	3.51190580332e-11	7.9369071155e-09	4.36096256684	0.0204081632653	1.59433962264
4440624	50.4408072327	1.11408384845e-11	3.69070948914e-11	8.37791054034e-09	0.927807486631	0.190476190476	0.264150943396
173876	49.8517989734	1.49561356832e-11	4.932900892e-11	1.12470140338e-08	14.7860962567	0.387755102041	31.7641509434
190595	49.7112452313	1.60450196666e-11	5.2689322224e-11	1.20658547893e-08	0.724598930481	0.0748299319728	0.320754716981
186272	49.5131062591	1.77159964627e-11	5.7923605826e-11	1.332242934e-08	0.577540106952	0.0952380952381	0.0990566037736
325850	48.9586361542	2.33758406656e-11	7.60979748076e-11	1.75786321806e-08	6.82352941176	1.70068027211	0.344339622642
304539	48.8440187108	2.4754610649e-11	8.02390827934e-11	1.86154672081e-08	8.77272727273	0.0	0.669811320755
4403113	48.7722780858	2.5658684031e-11	8.28125767867e-11	1.92953303913e-08	0.173796791444	0.00680272108844	0.433962264151
514272	48.6359434133	2.74687613835e-11	8.82756776084e-11	2.06565085604e-08	0.323529411765	0.0408163265306	0.11320754717
197490	48.3972779799	3.09502824779e-11	9.90409039292e-11	2.32746124234e-08	0.566844919786	0.0816326530612	0.306603773585
312882	48.1886112794	3.43538974874e-11	1.09466656401e-10	2.58341309105e-08	0.927807486631	0.0	0.391509433962
179585	48.1058972804	3.58044603243e-11	1.13607401535e-10	2.69249541638e-08	1.26203208556	0.0	0.801886792453
236142	47.3073837331	5.33742942714e-11	1.68644828958e-10	4.01374692921e-08	0.687165775401	1.72108843537	0.839622641509
2056702	47.1251957352	5.84647055558e-11	1.83955893632e-10	4.3965458578e-08	32.4919786096	0.156462585034	14.8632075472
566243	47.0851941752	5.9645817475e-11	1.86890228088e-10	4.48536547412e-08	0.449197860963	1.00680272109	0.504716981132
4481195	46.9669425445	6.32787673318e-11	1.97450759475e-10	4.75856330335e-08	0.655080213904	0.102040816327	0.570754716981
175836	46.6846663428	7.28707952228e-11	2.2644147937e-10	5.47988380076e-08	0.866310160428	0.0408163265306	0.22641509434
168289	46.6426314963	7.44185596031e-11	2.30299410788e-10	5.59627568215e-08	0.973262032086	0.00680272108844	1.34905660377
177679	46.5269717845	7.88490467325e-11	2.43010176815e-10	5.92944831428e-08	14.4625668449	0.0	0.740566037736
4425368	46.2506269925	9.05323838853e-11	2.77878990538e-10	6.80803526817e-08	0.208556149733	1.92517006803	98.6367924528
554436	46.2423408657	9.09082433573e-11	2.77898369938e-10	6.83629990047e-08	0.427807486631	0.047619047619	0.132075471698
4381422	46.058658411	9.96527766615e-11	3.03396307893e-10	7.49388880495e-08	0.494652406417	0.0	0.311320754717
317677	45.9369475893	1.05905514216e-10	3.21132849557e-10	7.96409466902e-08	1.98395721925	0.204081632653	1.84905660377
148003	45.8402696375	1.1115062875e-10	3.35683826587e-10	8.35852728203e-08	0.494652406417	1.36734693878	0.61320754717
300491	45.8189806449	1.12340090588e-10	3.37654941244e-10	8.44797481224e-08	0.197860962567	0.0204081632653	0.63679245283
4462599	45.8125600212	1.12701316825e-10	3.37654941244e-10	8.47513902524e-08	3.50267379679	0.489795918367	1.39150943396
4354477	45.7635171583	1.1549907679e-10	3.44663911692e-10	8.68553057464e-08	1.9679144385	2.09523809524	1.73113207547
2990918	45.5740567135	1.26975322832e-10	3.7741281727e-10	9.54854427694e-08	3.48128342246	1.07482993197	6.2358490566
2835813	45.4270111765	1.36662656468e-10	4.04607549859e-10	1.02770317664e-07	1.0	0.0136054421769	3.71698113208
182117	45.4036476545	1.38268478112e-10	4.07756453098e-10	1.0397789554e-07	0.374331550802	0.0680272108844	0.0943396226415
1820776	45.3011120811	1.45542053944e-10	4.27529783461e-10	1.09447624566e-07	13.2994652406	0.0	0.948113207547
180572	45.2905811463	1.46310422012e-10	4.2811454223e-10	1.10025437353e-07	0.195187165775	0.0340136054422	0.528301886792
191913	44.4870839487	2.18651500757e-10	6.37309800655e-10	1.64425928569e-07	0.66577540107	0.156462585034	0.452830188679
4429536	44.2546447041	2.45598665807e-10	7.13089562498e-10	1.84690196687e-07	0.133689839572	0.197278911565	0.768867924528
87839	44.0035746496	2.78448686027e-10	8.0535927651e-10	2.09393411893e-07	0.0989304812834	11.1700680272	2.12735849057
175932	43.9506612275	2.85913838708e-10	8.23782401183e-10	2.15007206709e-07	0.459893048128	1.82993197279	5.5141509434
190233	43.7954090959	3.08992365036e-10	8.86878849265e-10	2.32362258507e-07	4.07754010695	0.0	7.68867924528
529940	43.7614696166	3.1428062835e-10	8.98627500074e-10	2.3633903252e-07	0.235294117647	0.0204081632653	0.0471698113208
1122673	43.7518782054	3.15791445539e-10	8.995271479e-10	2.37475167046e-07	5.78342245989	0.0544217687075	4.45754716981
212686	43.5891669421	3.42556855327e-10	9.71433467608e-10	2.57602755206e-07	0.542780748663	0.0136054421769	0.509433962264
4435400	43.5829766976	3.4361875317e-10	9.71433467608e-10	2.58401302384e-07	1.99197860963	2.63945578231	0.787735849057
187882	43.4580093527	3.65774286488e-10	1.03019574322e-09	2.75062263439e-07	0.291443850267	0.619047619048	1.91509433962
851682	43.4294013067	3.71043928982e-10	1.04113818878e-09	2.79025034594e-07	0.612299465241	5.63265306122	7.40094339623
495007	43.2829817833	3.99227018704e-10	1.116054714e-09	3.00218718065e-07	4.60160427807	0.408163265306	4.74056603774
4344883	43.1268893301	4.31633328368e-10	1.2021787516e-09	3.24588262933e-07	1.63368983957	1.04081632653	0.457547169811
191718	43.0775827698	4.42406760291e-10	1.22763794738e-09	3.32689883739e-07	19.6390374332	2.49659863946	18.3773584906
175630	43.0614207305	4.45996342227e-10	1.23304871086e-09	3.35389249355e-07	1.2807486631	0.142857142857	0.320754716981
573061	42.1896713249	6.89650848917e-10	1.8996975765e-09	5.18617438385e-07	0.320855614973	0.857142857143	0.547169811321
181871	42.1699305515	6.96491674741e-10	1.91153919491e-09	5.23761739405e-07	1.17379679144	0.0544217687075	0.0754716981132
181862	41.9697713673	7.69803611466e-10	2.10506296663e-09	5.78892315822e-07	0.614973262032	0.0272108843537	1.94339622642
194899	41.932448858	7.8430398951e-10	2.1369442033e-09	5.89796600112e-07	0.360962566845	0.0680272108844	0.0377358490566
176690	41.7411807071	8.63013869624e-10	2.34291129949e-09	6.48986429958e-07	2.00534759358	1.77551020408	1.23113207547
4332078	41.6856297	8.87320516464e-10	2.40023391504e-09	6.67265028381e-07	0.433155080214	0.00680272108844	0.0896226415094
367417	41.6230419332	9.1552726879e-10	2.46765772807e-09	6.8847650613e-07	1.11497326203	0.0	0.457547169811
4349518	41.5340808789	9.57169676826e-10	2.5706842749e-09	7.19791596973e-07	0.786096256684	0.0204081632653	0.0566037735849
4474760	41.5148941591	9.6639633658e-10	2.58622791854e-09	7.26730045108e-07	1.13368983957	0.0	1.09433962264
4452050	41.410247254	1.01830777956e-09	2.71548741217e-09	7.65767450232e-07	2.48930481283	10.7074829932	0.27358490566
4468466	41.3941471844	1.02653827608e-09	2.72776248625e-09	7.71956783609e-07	2.58823529412	0.0272108843537	3.87264150943
158649	41.3110228966	1.0701024469e-09	2.8299735429e-09	8.0471704007e-07	0.192513368984	0.0544217687075	1.02830188679
4439469	41.3064912356	1.07252986666e-09	2.8299735429e-09	8.06542459727e-07	8.80481283422	22.074829932	6.23113207547
177478	41.2610587149	1.09717256972e-09	2.87666812532e-09	8.25073772432e-07	1.47860962567	0.122448979592	0.320754716981
195743	41.2597744433	1.09787732974e-09	2.87666812532e-09	8.25603751966e-07	0.406417112299	0.0748299319728	0.193396226415
185584	41.0920961137	1.19389107054e-09	3.11738223974e-09	8.97806085044e-07	0.125668449198	0.0340136054422	0.377358490566
753638	40.9268545943	1.29672070098e-09	3.37416597624e-09	9.75133967134e-07	5.71122994652	19.5850340136	14.1320754717
544996	40.8725640252	1.33240266081e-09	3.45505793424e-09	1.00196680093e-06	0.379679144385	1.24489795918	2.85849056604
193667	40.8654965917	1.33711932318e-09	3.45537364616e-09	1.00551373103e-06	0.804812834225	0.272108843537	0.617924528302
185113	40.6654541733	1.47777673211e-09	3.80578117311e-09	1.11128810255e-06	0.0909090909091	0.0408163265306	0.382075471698
361702	40.1489241161	1.91325078865e-09	4.910459362e-09	1.43876459307e-06	0.628342245989	0.0272108843537	0.424528301887
193863	40.0313366454	2.029110489e-09	5.19010574057e-09	1.52589108773e-06	0.842245989305	0.551020408163	0.27358490566
187504	39.6491509837	2.45638398835e-09	6.26169748895e-09	1.84720075924e-06	1.26203208556	0.829931972789	2.60849056604
199710	39.0599444584	3.29792541207e-09	8.37851320903e-09	2.48003990987e-06	1.24598930481	0.0	0.566037735849
654307	38.8727955215	3.62142674334e-09	9.16940374071e-09	2.72331291099e-06	0.529411764706	2.48299319728	2.77358490566
4471245	38.7537252984	3.84357601731e-09	9.69922538597e-09	2.89036916502e-06	5.93582887701	8.10884353741	0.721698113208
319621	38.7158820942	3.91699504568e-09	9.85143904464e-09	2.94558027435e-06	114.465240642	0.183673469388	9.96226415094
4442130	38.5132992527	4.33454311662e-09	1.08316926584e-08	3.2595764237e-06	7.90106951872	6.46258503401	4.28773584906
302407	38.5128311077	4.3355578327e-09	1.08316926584e-08	3.26033949019e-06	0.136363636364	0.0884353741497	0.481132075472
4437362	38.4103601932	4.5634811408e-09	1.13633702579e-08	3.43173781788e-06	9.54010695187	3.0612244898	0.566037735849
1099710	38.2837839685	4.86163038915e-09	1.20658285566e-08	3.65594605264e-06	0.874331550802	0.0408163265306	2.10849056604
4480359	38.2359739325	4.97924797562e-09	1.23170870976e-08	3.74439447766e-06	11.486631016	0.0816326530612	6.54245283019
3443818	38.2097490679	5.04496796039e-09	1.24387406761e-08	3.79381590621e-06	0.112299465241	0.421768707483	0.183962264151
177697	38.0257932863	5.5310031128e-09	1.35839674646e-08	4.15931434083e-06	1.17379679144	0.258503401361	0.990566037736
4377149	38.0205283577	5.54558246229e-09	1.35839674646e-08	4.17027801164e-06	0.232620320856	0.0272108843537	0.669811320755
4387246	37.9643521542	5.70355554311e-09	1.38865548883e-08	4.28907376842e-06	0.435828877005	0.0136054421769	0.127358490566
4428714	37.9634795724	5.70604449534e-09	1.38865548883e-08	4.2909454605e-06	6.32887700535	0.0136054421769	0.754716981132
4459940	37.7182705907	6.45032515764e-09	1.56472403824e-08	4.85064451854e-06	0.245989304813	0.0	0.0896226415094
523768	37.6937367359	6.52993813326e-09	1.57894323994e-08	4.91051347622e-06	0.235294117647	0.047619047619	0.061320754717
369014	37.5606875549	6.97911459227e-09	1.68214556839e-08	5.24829417338e-06	0.435828877005	0.102040816327	0.372641509434
1142029	37.5206714848	7.12015926978e-09	1.71065807376e-08	5.35435977087e-06	19.6684491979	173.183673469	5.62735849057
168071	37.2981088331	7.95826825597e-09	1.90592921289e-08	5.98461772849e-06	0.465240641711	0.0	0.198113207547
194557	37.0420225973	9.04538369188e-09	2.15940588454e-08	6.8021285363e-06	0.414438502674	0.0	0.0990566037736
191683	36.6663956364	1.09142362905e-08	2.59731192735e-08	8.20750569042e-06	0.288770053476	0.108843537415	0.0707547169811
132892	36.5792836078	1.14001217258e-08	2.70438218859e-08	8.57289153782e-06	0.101604278075	0.231292517007	0.599056603774
4475758	36.55561375	1.15358428967e-08	2.72797291142e-08	8.67495385833e-06	2.10160427807	6.45578231293	0.382075471698
4456702	36.4104458586	1.24042965383e-08	2.92414764791e-08	9.32803099684e-06	12.3502673797	0.265306122449	0.674528301887
4408801	36.3526058446	1.27682665215e-08	3.00054263256e-08	9.60173642419e-06	1.28609625668	0.0204081632653	0.990566037736
3531225	36.213360356	1.3688905113e-08	3.20687122896e-08	1.0294056645e-05	0.31550802139	0.775510204082	0.344339622642
4429335	36.1713939821	1.39791767291e-08	3.26470214294e-08	1.05123409003e-05	13.0909090909	26.5170068027	40.5
4460847	35.8482271752	1.64307117189e-08	3.82535455499e-08	1.23558952126e-05	1.43582887701	0.102040816327	0.36320754717
4405869	35.8212664066	1.66537036586e-08	3.86530405903e-08	1.25235851512e-05	0.0534759358289	3.80272108844	2.90094339623
4476065	35.7949063387	1.68746528993e-08	3.90453507085e-08	1.26897389802e-05	24.2326203209	0.959183673469	12.7405660377
4364405	35.738448097	1.7357796795e-08	3.99408812413e-08	1.30530631898e-05	8.40374331551	0.0272108843537	4.40566037736
874462	35.7372831962	1.73679097951e-08	3.99408812413e-08	1.30606681659e-05	3.1550802139	0.707482993197	8.89622641509
4410988	35.6953238008	1.77361323861e-08	4.06633279095e-08	1.33375715543e-05	0.072192513369	1.28571428571	0.169811320755
183012	35.4403544146	2.01476696111e-08	4.60518162539e-08	1.51510475475e-05	0.304812834225	0.0	0.202830188679
147484	35.3565377014	2.10099678835e-08	4.78772601466e-08	1.57994958484e-05	1.17647058824	0.142857142857	0.594339622642
186906	35.3160005377	2.14401550524e-08	4.87099595148e-08	1.61229965994e-05	0.628342245989	0.326530612245	0.292452830189
2331530	35.2312220284	2.23685246859e-08	5.0666055915e-08	1.68211305638e-05	0.510695187166	0.0952380952381	0.245283018868
2506486	34.956119924	2.56669937068e-08	5.7962700503e-08	1.93015792675e-05	0.751336898396	0.244897959184	0.589622641509
177618	34.7557735125	2.83713286515e-08	6.38779615147e-08	2.13352391459e-05	1.10160427807	0.380952380952	0.660377358491
130763	34.6243577713	3.02981589917e-08	6.80125837665e-08	2.27842155618e-05	0.550802139037	0.0136054421769	0.566037735849
1051082	34.5041148696	3.21756000262e-08	7.20120572015e-08	2.41960512197e-05	1.01336898396	0.00680272108844	4.97641509434
188856	34.4474413664	3.31003929443e-08	7.38620044337e-08	2.48914954941e-05	0.227272727273	0.0544217687075	0.0424528301887
2688035	34.4310877293	3.33721584251e-08	7.42481157861e-08	2.50958631357e-05	0.810160427807	0.333333333333	0.952830188679
148354	34.1440160962	3.85230895019e-08	8.54553489837e-08	2.89693633055e-05	3.07486631016	0.0136054421769	0.797169811321
4356062	33.6626768295	4.90052493617e-08	1.08388080941e-07	3.685194752e-05	8.05614973262	24.1360544218	1.95754716981
4446058	33.5574271634	5.16532054814e-08	1.13909708276e-07	3.8843210522e-05	9.10962566845	12.5034013605	22.1556603774
184534	33.4920292115	5.33701302682e-08	1.17351865385e-07	4.01343379617e-05	7.12834224599	0.0	0.75
329597	33.395122944	5.60197532397e-08	1.22818817598e-07	4.21268544362e-05	0.347593582888	0.0204081632653	0.141509433962
175909	33.2091571408	6.14784844054e-08	1.34394826375e-07	4.62318202729e-05	0.307486631016	0.0544217687075	0.202830188679
4454507	33.0635812448	6.61202606177e-08	1.44123002854e-07	4.97224359845e-05	6.50534759358	18.1836734694	11.0471698113
180421	32.8411869821	7.38970084356e-08	1.60608527005e-07	5.55705503436e-05	3.2513368984	0.0	1.51886792453
193679	32.7087778546	7.89549083889e-08	1.71106890802e-07	5.93740911085e-05	2.04545454545	3.36054421769	0.797169811321
196134	32.5260645402	8.65077120685e-08	1.86936205389e-07	6.50537994755e-05	0.291443850267	0.0272108843537	0.0801886792453
4481624	32.3797893103	9.30717947436e-08	2.00544382943e-07	6.99899896472e-05	1.05080213904	2.07482993197	2.07547169811
316132	32.3258140417	9.56177828762e-08	2.05441636351e-07	7.19045727229e-05	0.299465240642	0.0	0.245283018868
4412022	32.1030718358	1.06882480634e-07	2.28990385859e-07	8.03756254364e-05	0.144385026738	1.10204081633	0.915094339623
191251	31.9425813138	1.15812809914e-07	2.47418275725e-07	8.70912330552e-05	1.4064171123	3.36054421769	0.297169811321
185235	31.8965420476	1.18509699928e-07	2.52462590216e-07	8.91192943462e-05	0.283422459893	0.047619047619	0.11320754717
4456605	31.84958842	1.21324846118e-07	2.57729616612e-07	9.12362842808e-05	0.68449197861	0.272108843537	0.36320754717
4393208	31.6479325945	1.34195747962e-07	2.84268175965e-07	0.000100915202467	0.358288770053	0.863945578231	0.627358490566
188735	31.5701563037	1.39517171252e-07	2.94710429161e-07	0.000104916912781	2.21390374332	1.34693877551	2.5141509434
851715	31.5466073776	1.41169620286e-07	2.97365698754e-07	0.000106159554455	0.625668449198	1.53741496599	0.0801886792453
363625	31.464199641	1.47107853707e-07	3.09008675944e-07	0.000110625105988	0.655080213904	0.47619047619	0.212264150943
194372	31.4329661408	1.49423232591e-07	3.12997969103e-07	0.000112366270908	0.280748663102	0.047619047619	0.103773584906
4429608	31.398809103	1.5199707625e-07	3.17505003723e-07	0.00011430180134	1.93582887701	1.81632653061	10.9622641509
755148	31.3756552433	1.53766960887e-07	3.20312339576e-07	0.000115632754587	8.10160427807	1.92517006803	7.0141509434
3138798	31.1968701931	1.68145678972e-07	3.49297101069e-07	0.000126445550587	24.6657754011	4.03401360544	7.50471698113
4433737	31.153305088	1.71848503134e-07	3.56005714481e-07	0.000129230074357	0.919786096257	0.272108843537	0.344339622642
300829	30.9992623416	1.85607581131e-07	3.83453024755e-07	0.000139576901011	0.545454545455	3.06802721088	5.76886792453
1098434	30.9659264174	1.88727207951e-07	3.88829754464e-07	0.000141922860379	0.149732620321	0.666666666667	2.17452830189
193763	30.9533821312	1.8991465202e-07	3.90207153877e-07	0.000142815818319	0.275401069519	0.0952380952381	0.103773584906
360890	30.9101902326	1.94060646424e-07	3.97639253709e-07	0.000145933606111	3.3743315508	0.0204081632653	0.952830188679
3841096	30.773355891	2.07802454708e-07	4.24639798751e-07	0.000156267445941	0.649732620321	0.0408163265306	0.641509433962
182196	30.7079014932	2.14715756442e-07	4.37577910146e-07	0.000161466248844	0.401069518717	0.265306122449	0.132075471698
3141342	30.6297048679	2.23277055801e-07	4.53795529627e-07	0.000167904345962	0.393048128342	0.0884353741497	0.603773584906
4372581	30.2720464968	2.66998379359e-07	5.41193480534e-07	0.000200782781278	0.168449197861	0.00680272108844	0.0801886792453
189524	30.1701257092	2.80957379189e-07	5.67956852555e-07	0.00021127994915	1.4385026738	3.05442176871	0.353773584906
134786	29.9984446361	3.06140307738e-07	6.17205124447e-07	0.000230217511419	3.26737967914	1.5306122449	8.10377358491
356360	29.8795524404	3.24890959483e-07	6.53256688585e-07	0.000244318001531	0.622994652406	0.0884353741497	0.240566037736
189936	29.7873841894	3.40213629469e-07	6.82241731629e-07	0.000255840649361	0.18449197861	0.176870748299	1.07075471698
129798	29.716465676	3.52493787844e-07	7.04987575687e-07	0.000265075328458	2.36096256684	0.482993197279	37.6745283019
184000	29.48246668	3.96244916844e-07	7.90387738639e-07	0.000297976177467	0.144385026738	0.00680272108844	0.235849056604
183873	29.3546876355	4.22387026955e-07	8.40304349921e-07	0.00031763504427	0.438502673797	0.047619047619	0.599056603774
787049	29.2013539353	4.56043805364e-07	9.04867919878e-07	0.000342944941634	0.288770053476	0.00680272108844	0.301886792453
179625	29.0934912252	4.81314173544e-07	9.52495417119e-07	0.000361948258505	0.288770053476	0.163265306122	0.0188679245283
327218	28.8135539809	5.53625710982e-07	1.09272056341e-06	0.000416326534658	0.668449197861	0.00680272108844	0.287735849057
650171	28.691721055	5.88399011913e-07	1.15831428523e-06	0.000442476056959	2.2807486631	4.31292517007	5.69811320755
4346675	28.5999229678	6.16035352958e-07	1.20955244236e-06	0.000463258585425	29.6711229947	59.1836734694	13.4339622642
828333	28.3838735462	6.86309755092e-07	1.34402327039e-06	0.000516104935829	1.21122994652	0.863945578231	0.834905660377
186891	28.1346780154	7.7737808603e-07	1.51841122258e-06	0.000584588320694	0.22192513369	0.047619047619	0.0754716981132
189387	27.9837946398	8.38293700546e-07	1.63315249433e-06	0.000630396862811	0.187165775401	0.0136054421769	0.716981132075
4470603	27.942308215	8.5586420918e-07	1.66307463903e-06	0.000643609885303	10.2486631016	4.36054421769	9.29245283019
495394	27.8985104734	8.74813394573e-07	1.69551462041e-06	0.000657859672719	1.75401069519	4.46258503401	0.27358490566
195465	27.7925126827	9.22428158226e-07	1.78320302053e-06	0.000693665974986	0.695187165775	0.455782312925	0.63679245283
4482516	27.7661679631	9.34659092096e-07	1.8022144545e-06	0.000702863637256	1.48128342246	0.0204081632653	1.32075471698
4464173	27.4132834238	1.11501610198e-06	2.14448109639e-06	0.000838492108689	15.7967914439	5.96598639456	19.9198113208
174045	27.210996014	1.23369354393e-06	2.3666774108e-06	0.000927737545035	1.68181818182	0.863945578231	0.372641509434
4369434	27.0988958615	1.30481677314e-06	2.49674863461e-06	0.0009812222134	0.29679144385	0.0204081632653	0.287735849057
4473664	27.0272089142	1.35243422836e-06	2.5812957861e-06	0.00101703053973	2.45989304813	4.39455782313	6.39622641509
177150	26.9960691975	1.37365622071e-06	2.61516323538e-06	0.00103298947798	0.152406417112	0.448979591837	0.316037735849
195166	26.9630792723	1.39650253519e-06	2.65166055915e-06	0.00105016990646	0.762032085561	5.65986394558	0.122641509434
2829179	26.9582490628	1.39987931115e-06	2.65166055915e-06	0.00105270924198	3.48128342246	1.42857142857	10.820754717
2731539	26.8175069673	1.50193920176e-06	2.83783487369e-06	0.00112945827973	0.237967914439	0.047619047619	0.0896226415094
179384	26.7909926598	1.52198321038e-06	2.86849968472e-06	0.0011445313742	0.5	0.421768707483	0.183962264151
1077373	26.7644400495	1.54232425207e-06	2.89956959388e-06	0.00115982783755	11.9037433155	3.82993197279	26.4858490566
4359984	26.7486671199	1.55453582774e-06	2.90870768504e-06	0.00116901094246	0.31550802139	0.122448979592	0.132075471698
548475	26.7481718105	1.55492086355e-06	2.90870768504e-06	0.00116930048939	2.40106951872	81.7142857143	14.5235849057
196100	26.7257332666	1.57246417111e-06	2.93422594709e-06	0.00118249305668	0.459893048128	0.285714285714	0.212264150943
4349946	26.6530298415	1.6306776053e-06	3.03532069105e-06	0.00122626955918	1.40374331551	0.0	0.707547169811
12574	26.6369148704	1.64386984335e-06	3.05232128938e-06	0.0012361901222	1.01069518717	0.598639455782	0.622641509434
183650	26.6298879262	1.6496556924e-06	3.05551990316e-06	0.00124054108068	0.155080213904	0.210884353741	1.75943396226
4449055	26.5524075758	1.71481768711e-06	3.16841007544e-06	0.00128954290071	58.564171123	0.0272108843537	9.01886792453
175168	26.4639749626	1.79234187831e-06	3.30353208944e-06	0.00134784109249	0.401069518717	0.0680272108844	0.316037735849
276643	26.291425349	1.95384237685e-06	3.5923947858e-06	0.00146928946739	0.770053475936	0.489795918367	0.433962264151
196139	26.1420046975	2.10540576123e-06	3.86162227426e-06	0.00158326513244	0.478609625668	0.0884353741497	0.155660377358
4462432	26.0892986116	2.16162715834e-06	3.95509397341e-06	0.00162554362307	3.22994652406	4.53741496599	11.4905660377
1667433	26.0356861425	2.22035587414e-06	4.05268839164e-06	0.00166970761735	6.55614973262	0.734693877551	0.47641509434
258099	25.8732159401	2.40825540711e-06	4.38500742408e-06	0.00181100806614	0.403743315508	0.292517006803	0.183962264151
4060501	25.7835333195	2.51870252574e-06	4.57503453951e-06	0.00189406429936	0.564171122995	0.0	0.382075471698
4288931	25.7639608806	2.54347210399e-06	4.60889402941e-06	0.0019126910222	1.0320855615	0.0	2.29716981132
172233	25.7009442973	2.62488847472e-06	4.7449907043e-06	0.00197391613299	0.213903743316	0.0136054421769	0.292452830189
4428313	25.6395094305	2.7067694602e-06	4.88127250377e-06	0.00203549063407	3.35294117647	13.3333333333	2.8679245283
213762	25.551956153	2.82789461215e-06	5.08750418262e-06	0.00212657674834	1.74598930481	0.00680272108844	1.95283018868
130103	25.542475815	2.84133113101e-06	5.09947735208e-06	0.00213668101052	0.264705882353	1.0612244898	0.533018867925
455407	25.4493551796	2.97675258026e-06	5.3298046199e-06	0.00223851794036	4.2486631016	3.55782312925	0.117924528302
4430581	25.0127178368	3.70303087438e-06	6.61443994664e-06	0.00278467921753	0.906417112299	0.163265306122	1.17452830189
4451906	24.4166518415	4.98874630756e-06	8.88989863337e-06	0.00375153722328	0.553475935829	0.340136054422	0.155660377358
3943186	24.4040878496	5.02018423469e-06	8.92477197278e-06	0.00377517854448	8.05882352941	2.55102040816	2.24528301887
777944	24.3637881526	5.1223662047e-06	9.08495138192e-06	0.00385201938594	0.323529411765	0.0680272108844	0.108490566038
3236435	24.277852056	5.34726133555e-06	9.46150711608e-06	0.00402114052433	1.17914438503	0.0340136054422	1.43396226415
4460021	24.1851256691	5.60101439556e-06	9.88723667948e-06	0.00421196282546	1.19251336898	1.44897959184	2.16981132075
964363	24.0555447324	5.97592078219e-06	1.05243382394e-05	0.00449389242821	0.181818181818	0.931972789116	12.5
4372973	23.9275959108	6.37072069795e-06	1.11934158057e-05	0.00479078196486	4.04278074866	1.57142857143	2.61320754717
4402903	23.8909239893	6.48861150006e-06	1.13739763358e-05	0.00487943584805	0.534759358289	0.0544217687075	1.5
1696853	23.7265267591	7.04450005562e-06	1.23196838182e-05	0.00529746404183	0.72192513369	0.394557823129	0.589622641509
175062	23.6406270489	7.35365180092e-06	1.28305015181e-05	0.00552994615429	0.42513368984	0.659863945578	4.28301886792
177032	23.6074704047	7.47657915844e-06	1.30147859425e-05	0.00562238752714	0.264705882353	0.00680272108844	0.27358490566
3530697	23.2075904829	9.13136615006e-06	1.58300821685e-05	0.00686678734484	0.558823529412	0.707482993197	1.09905660377
4391009	23.2065805665	9.13597827278e-06	1.58300821685e-05	0.00687025566113	3.80748663102	0.0612244897959	1.73113207547
1132942	23.1172275113	9.55339704066e-06	1.65152978726e-05	0.00718415457457	0.724598930481	2.48979591837	1.7641509434
4326869	23.0271567945	9.99347280859e-06	1.72364485139e-05	0.00751509155206	0.288770053476	0.0	0.160377358491
4336943	23.000432025	1.01279056081e-05	1.74283410006e-05	0.00761618501726	11.422459893	0.190476190476	10.7688679245
190441	22.6556606869	1.20333289755e-05	2.06332798248e-05	0.00904906338959	0.558823529412	0.197278911565	0.603773584906
157966	22.6536843422	1.20452258552e-05	2.06332798248e-05	0.00905800984309	0.197860962567	0.00680272108844	0.240566037736
3369303	22.603962912	1.23484321299e-05	2.10986043226e-05	0.00928602096167	2.21657754011	0.0	0.97641509434
975306	22.599990228	1.23729847158e-05	2.10986043226e-05	0.00930448450627	0.614973262032	0.333333333333	0.344339622642
4368600	22.5455533911	1.27143828737e-05	2.16317102285e-05	0.00956121592101	0.48128342246	1.55102040816	0.52358490566
181756	22.3637209114	1.39245031152e-05	2.36370797802e-05	0.0104712263426	0.871657754011	1.03401360544	0.617924528302
4452400	22.3316339256	1.41497024436e-05	2.39652617963e-05	0.0106405762376	6.35026737968	6.36734693878	1.16037735849
4473883	22.284708699	1.44856167441e-05	2.44790647002e-05	0.0108931837916	4.2486631016	89.9319727891	4.0141509434
12564	22.2370607155	1.48348656917e-05	2.50130470855e-05	0.0111558190001	0.251336898396	2.19727891156	2.59905660377
179663	22.0325700965	1.64319154823e-05	2.76438488651e-05	0.0123568004427	0.224598930481	0.0272108843537	0.25
4466220	22.0155075331	1.65727004672e-05	2.78184614986e-05	0.0124626707514	0.526737967914	0.108843537415	0.183962264151
4414044	21.9700927056	1.69533288213e-05	2.83939939279e-05	0.0127489032736	0.820855614973	0.585034013605	0.462264150943
191434	21.9610384904	1.70302523537e-05	2.84594439333e-05	0.01280674977	0.243315508021	0.0204081632653	0.179245283019
4477696	21.9174706042	1.74053086735e-05	2.90217120232e-05	0.0130887921225	14.7032085561	9.67346938776	14.3773584906
4477479	21.8922675817	1.76260296547e-05	2.93247219034e-05	0.0132547743004	1.48395721925	0.619047619048	0.528301886792
175844	21.8332238506	1.81541399784e-05	3.01366738714e-05	0.0136519132637	8.17647058824	0.0884353741497	5.35377358491
182033	21.7988548323	1.84688059085e-05	3.05915022978e-05	0.0138885420432	0.264705882353	0.0272108843537	0.424528301887
176450	21.7251603286	1.91620238078e-05	3.16699822053e-05	0.0144098419034	0.27807486631	0.0544217687075	0.160377358491
4405104	21.7182176816	1.92286569766e-05	3.17104167684e-05	0.0144599500464	1.87165775401	1.61224489796	5.14150943396
4387453	21.5773921368	2.06314062401e-05	3.39492724125e-05	0.0155148174925	9.84759358289	0.136054421769	1.37264150943
195950	21.5177856172	2.12555438709e-05	3.48999322945e-05	0.0159841689909	1.20855614973	0.0136054421769	0.877358490566
54563	21.5097671628	2.13409332331e-05	3.49637947523e-05	0.0160483817913	1.05347593583	1.71428571429	4.49528301887
328472	21.4834174702	2.1623957052e-05	3.53504689198e-05	0.0162612157031	3.82352941176	7.14285714286	15.4433962264
176077	21.2816910638	2.39188063498e-05	3.90172285792e-05	0.017986942375	0.529411764706	0.285714285714	0.405660377358
4416646	21.1874912689	2.50723319024e-05	4.08103757373e-05	0.0188543935906	0.844919786096	0.319727891156	0.400943396226
731422	21.1749048654	2.52306146764e-05	4.0965276168e-05	0.0189734222367	11.0347593583	1.69387755102	4.22641509434
198185	21.1712750891	2.52764469973e-05	4.0965276168e-05	0.0190078881419	1.86898395722	1.51700680272	2.3679245283
1007750	21.1643570151	2.53640305532e-05	4.10188193032e-05	0.019073750976	0.390374331551	0.0	0.617924528302
166869	21.1422103907	2.5646455184e-05	4.13865542883e-05	0.0192861342983	0.494652406417	0.612244897959	0.146226415094
311950	21.1196492227	2.59374001048e-05	4.176643443e-05	0.0195049248788	0.978609625668	0.156462585034	0.490566037736
182886	21.0229967931	2.72216377183e-05	4.37407512055e-05	0.0204706715642	2.01336898396	0.734693877551	1.38679245283
333949	20.973235287	2.79074286836e-05	4.47470924735e-05	0.0209863863701	0.700534759358	0.707482993197	0.433962264151
196314	20.9191839589	2.86719295158e-05	4.58750872253e-05	0.0215612909959	0.211229946524	0.047619047619	0.0849056603774
4468391	20.8161399383	3.01878820975e-05	4.81980622873e-05	0.0227012873373	20.8877005348	35.1972789116	40.9811320755
2902741	20.7250113979	3.15951889008e-05	5.03380975708e-05	0.0237595820534	0.312834224599	0.102040816327	0.122641509434
176757	20.5205817673	3.4995506738e-05	5.56376766744e-05	0.026316621067	0.339572192513	0.224489795918	0.0377358490566
389371	20.4610273315	3.60532456725e-05	5.71983981978e-05	0.0271120407457	0.419786096257	0.0408163265306	1.18867924528
300662	20.3749733831	3.76383646411e-05	5.95874741266e-05	0.0283040502101	0.248663101604	0.156462585034	0.372641509434
4376828	20.2126083102	4.08213979254e-05	6.44909479829e-05	0.0306976912399	0.553475935829	3.6462585034	0.86320754717
4401375	20.2074676928	4.09264564773e-05	6.45213737336e-05	0.0307766952709	0.245989304813	0.0816326530612	0.141509433962
113542	20.0874565255	4.34574498582e-05	6.83682056346e-05	0.0326800022933	0.411764705882	0.047619047619	1.69339622642
4468506	19.9854327451	4.57318131263e-05	7.17960824028e-05	0.034390323471	7.23796791444	10.1428571429	38.6037735849
851634	19.9594978328	4.63287000981e-05	7.25816301537e-05	0.0348391824738	0.687165775401	1.68027210884	3.20754716981
192983	19.8722053665	4.8395550357e-05	7.56046982268e-05	0.0363934538685	0.893048128342	0.993197278912	0.665094339623
4328910	19.8695686815	4.84593943422e-05	7.56046982268e-05	0.0364414645453	1.5935828877	19.0816326531	0.5
4335815	19.7618476978	5.11410094725e-05	7.96232694065e-05	0.0384580391233	0.620320855615	0.43537414966	0.358490566038
4415390	19.5019728314	5.82371893106e-05	9.04842280197e-05	0.0437943663615	5.39839572193	7.17006802721	0.306603773585
181827	19.3904036096	6.15782518083e-05	9.54780316698e-05	0.0463068453598	0.262032085561	0.0680272108844	0.457547169811
4449236	19.3705393117	6.21929035334e-05	9.62326408583e-05	0.0467690634571	50.7486631016	132.442176871	116.853773585
3680006	19.2825133405	6.49913307376e-05	0.000100356223233	0.0488734807147	0.267379679144	0.278911564626	0.0518867924528
193480	19.1852808252	6.82290307687e-05	0.000105139817906	0.051308231138	0.29679144385	0.0272108843537	0.551886792453
176924	18.9881210443	7.52977335808e-05	0.000115795287634	0.0566238956528	0.387700534759	0.170068027211	0.344339622642
102407	18.8426440788	8.09788912268e-05	0.000124277808577	0.0608961262026	0.390374331551	0.612244897959	0.212264150943
338355	18.6566052459	8.88729600676e-05	0.000136115001977	0.0668324659709	0.0855614973262	0.142857142857	0.429245283019
3438642	18.5229317319	9.50159423774e-05	0.000145227619244	0.0714519886678	0.205882352941	0.102040816327	0.0471698113208
4465905	18.4194415866	0.000100061977067	0.000152630033985	0.0752466067547	0.200534759358	0.0748299319728	0.5
557799	18.3613317721	0.000103011916108	0.000156811661768	0.0774649609135	0.510695187166	0.0204081632653	3.20283018868
25695	18.1558584444	0.000114157758218	0.000173427543798	0.08584663418	0.94385026738	0.517006802721	3.99528301887
180414	18.1054145207	0.000117073658624	0.000177498772752	0.0880393912852	0.232620320856	0.108843537415	0.0660377358491
193859	17.8015835883	0.000136280977273	0.000206203812694	0.102483294909	0.256684491979	0.0612244897959	0.283018867925
3989856	17.7844551013	0.000137453132891	0.000207559750872	0.103364755934	1.23796791444	0.598639455782	1.02830188679
183824	17.6475819415	0.00014718931086	0.000221816356247	0.110686361767	0.377005347594	0.326530612245	0.169811320755
801210	17.5232194383	0.000156632271581	0.000235574936458	0.117787468229	42.7673796791	4.12244897959	14.1132075472
189530	17.4726297277	0.0001606447964	0.000241057590967	0.120804886893	0.911764705882	0.176870748299	0.259433962264
4004998	17.4692217812	0.000160918764183	0.000241057590967	0.121010910665	2.67914438503	0.65306122449	1.75943396226
212532	17.4080823471	0.00016591396725	0.00024777490711	0.124767303372	2.22994652406	0.21768707483	0.254716981132
180640	17.4062998249	0.000166061905829	0.00024777490711	0.124878553183	0.366310160428	0.149659863946	0.466981132075
174473	17.395911256	0.000166926722714	0.000248572070259	0.125528895481	0.227272727273	0.142857142857	0.0801886792453
178447	17.1092637395	0.000192650696841	0.000286310917044	0.144873324024	0.377005347594	0.21768707483	0.183962264151
4341886	16.9399281658	0.000209672434051	0.000310993432755	0.157673670407	0.0641711229947	0.299319727891	0.245283018868
4412168	16.856909792	0.000218558925909	0.000323536047802	0.164356312283	2.16844919786	4.66666666667	3.50471698113
128382	16.8081312504	0.000223954953853	0.000330872544788	0.168414125297	1.2513368984	1.06802721088	0.405660377358
4437368	16.7646682204	0.000228875101797	0.000337478581473	0.172114076551	0.112299465241	0.115646258503	0.481132075472
4472091	16.5371386232	0.000256451931729	0.000377400885833	0.192851852661	5.4385026738	17.8299319728	3.19811320755
362793	16.438753657	0.000269382884342	0.000395656111378	0.202575929025	0.336898395722	0.659863945578	0.740566037736
192963	16.3031563471	0.000288280044502	0.000422585952175	0.216786593466	60.3262032086	1.66666666667	9.49528301887
148279	16.220783713	0.000300401135987	0.000439497381833	0.225901654262	0.358288770053	0.0408163265306	0.457547169811
182073	16.1094169675	0.000317602967931	0.000463762003658	0.238837431884	2.70320855615	0.768707482993	1.42452830189
232828	16.0400419602	0.000328813124215	0.000479200522112	0.24726746941	0.128342245989	0.0816326530612	0.259433962264
4454839	16.035586144	0.000329546506279	0.000479340372769	0.247818972722	132.745989305	248.523809524	80.9622641509
3195723	15.9601687984	0.000342210539001	0.000496799855846	0.257342325328	1.75935828877	2.95918367347	2.46698113208
495451	15.924361699	0.000348392496766	0.000504799918243	0.261991157568	9.28342245989	9.21768707483	44.25
253584	15.9138103235	0.000350235363711	0.000506494218289	0.26337699351	1.90106951872	5.31292517007	3.2358490566
182036	15.7903886205	0.000372529506854	0.000537259530902	0.280142189154	0.435828877005	0.312925170068	0.787735849057
173917	15.788196037	0.000372938131823	0.000537259530902	0.280449475131	0.505347593583	0.115646258503	0.504716981132
176312	15.7676181131	0.000376795086075	0.000541778020514	0.283349904729	5.39304812834	13.8707482993	4.25471698113
176877	15.6752748366	0.000394600215484	0.000566296492451	0.296739362044	0.224598930481	0.136054421769	0.0660377358491
539581	15.6027512326	0.000409171728352	0.000586089789943	0.30769713972	5.13903743316	22.2925170068	21.0801886792
4474255	15.5434452411	0.000421486579637	0.00060258157393	0.316957907887	1.61764705882	3.57823129252	3.42452830189
1035532	15.4884679079	0.000433233396187	0.000617564444714	0.325791513932	1.93315508021	0.12925170068	3.03301886792
4397439	15.4867343425	0.000433609078203	0.000617564444714	0.326074026809	0.360962566845	1.69387755102	0.882075471698
195015	15.4012136604	0.000452552477029	0.000643326016495	0.340319462726	0.24064171123	0.0340136054422	0.27358490566
4434579	15.223501591	0.000494605147504	0.000701779379099	0.371943070923	7.29946524064	0.0680272108844	8.84905660377
9912	15.1941300495	0.000501922403595	0.000710820428443	0.377445647503	0.807486631016	2.92517006803	0.731132075472
181689	14.9839487547	0.000557541076589	0.00078810317593	0.419270889595	0.109625668449	0.52380952381	0.202830188679
4347159	14.820982477	0.000604873484398	0.00085340499112	0.454864860267	39.3823529412	76.7619047619	61.9245283019
184882	14.8030764247	0.00061031324734	0.000859467344569	0.458955562	0.379679144385	0.775510204082	0.160377358491
1903534	14.7861636876	0.000615496164551	0.000865146010733	0.462853115742	0.409090909091	1.32653061224	1.03773584906
4468234	14.7344577803	0.00063161603363	0.000886147868078	0.47497525729	866.240641711	1000.33333333	1193.6745283
359872	14.6497752369	0.000658933711223	0.00092275260864	0.49551815084	10.2727272727	9.14965986395	33.9150943396
181452	14.6400181115	0.000662156214866	0.000925541772452	0.497941473579	0.179144385027	0.0408163265306	0.122641509434
187144	14.5420658653	0.000695393328188	0.000970196257509	0.522935782797	0.245989304813	0.224489795918	0.971698113208
692756	14.4614304772	0.000724002843123	0.00100824099635	0.544450138029	0.374331550802	0.272108843537	2.42924528302
180352	14.3555289443	0.00076337247648	0.00106047122326	0.574056102313	0.272727272727	0.170068027211	0.438679245283
505670	14.3530244838	0.000764328993361	0.00106047122326	0.574775403008	24.6069518717	36.768707483	109.245283019
147195	14.312772397	0.000779867754222	0.00108003784747	0.586460551175	0.270053475936	0.877551020408	0.0518867924528
4094259	14.1886256277	0.000829810817524	0.00114709142422	0.624017734778	0.286096256684	0.0680272108844	0.448113207547
4469302	14.1026648573	0.000866253966413	0.00119527152797	0.651422982743	1.30213903743	12.843537415	1.46698113208
185088	14.0887838499	0.000872287117586	0.00120061963719	0.655959912425	0.328877005348	0.0884353741497	0.212264150943
187894	14.0864100253	0.000873323060562	0.00120061963719	0.656738941543	0.457219251337	0.272108843537	0.518867924528
4397737	14.0796749515	0.000876268965654	0.00120247128134	0.658954262172	1.31818181818	0.0816326530612	0.22641509434
1134151	14.032304311	0.000897271419798	0.00122904937648	0.674748107688	7.97058823529	1.47619047619	5.16509433962
4425214	13.9767389618	0.00092254954064	0.00126137682648	0.693757254562	13.6577540107	31.2448979592	11.8113207547
4403632	13.9071735026	0.000955202926742	0.00130365263323	0.71831260091	2.10695187166	1.32653061224	2.47641509434
3991527	13.878144458	0.000969168346472	0.00132031629809	0.728814596547	13.5855614973	0.197278911565	13.891509434
184910	13.615943488	0.00110493171311	0.00150254728438	0.830908648261	0.548128342246	0.272108843537	0.556603773585
348642	13.5730027479	0.0011289115123	0.0015323853019	0.848941457251	0.29679144385	0.047619047619	0.419811320755
4381555	13.4898166384	0.00117685656955	0.00159458764018	0.884996140301	0.155080213904	0.142857142857	0.0424528301887
174174	13.3980061119	0.0012321396649	0.00166649105757	0.926569028007	3.01069518717	1.87755102041	1.47169811321
3794053	13.3168011178	0.00128319712812	0.00173243131122	0.96496424035	0.454545454545	0.360544217687	0.72641509434
451449	13.2911810348	0.00129974067214	0.00175162183772	0.977404985448	1.35561497326	8.75510204082	0.481132075472
4442459	13.2046549482	0.00135720549798	0.00182579344272	1.0	0.5	0.69387755102	0.287735849057
179319	13.0949078289	0.00143376143431	0.00192533678322	1.0	0.328877005348	0.12925170068	0.759433962264
288930	12.6914251885	0.0017542522272	0.00235151100687	1.0	0.882352941176	0.448979591837	1.08490566038
4225004	12.5787266642	0.00185594118898	0.00248339461586	1.0	0.371657754011	0.299319727891	0.731132075472
198511	12.4672893954	0.00196228690489	0.00262102975574	1.0	0.72192513369	0.333333333333	0.679245283019
145801	12.440891384	0.00198835882414	0.00265114509886	1.0	12.6818181818	17.3265306122	10.2783018868
197354	12.303082689	0.00213019587261	0.00283523415258	1.0	0.25935828877	0.0884353741497	0.278301886792
4217226	12.2588492619	0.0021778336584	0.00289351751081	1.0	0.109625668449	0.258503401361	0.183962264151
4414725	12.1877925542	0.00225659942718	0.00299287966357	1.0	0.128342245989	0.809523809524	0.452830188679
4470092	12.1732926884	0.0022730190703	0.00300934919167	1.0	0.122994652406	0.312925170068	0.306603773585
176297	12.0192686441	0.00245498575046	0.0032445505876	1.0	0.612299465241	0.517006802721	0.396226415094
178082	11.9601147391	0.00252868121871	0.00333088208605	1.0	0.131016042781	1.72789115646	0.391509433962
182097	11.9597304673	0.00252916711587	0.00333088208605	1.0	0.403743315508	0.360544217687	0.27358490566
2256425	11.8888200777	0.00262044785483	0.00344506431264	1.0	0.470588235294	0.394557823129	0.061320754717
4436550	11.8535454814	0.00266707545878	0.00350024562828	1.0	0.20320855615	0.421768707483	0.216981132075
955102	11.6002592612	0.003027162307	0.00396589905029	1.0	0.799465240642	1.70068027211	4.08018867925
4424239	11.568779215	0.00307518687404	0.00402180961614	1.0	0.192513368984	0.666666666667	0.103773584906
179557	11.431782833	0.00329321358783	0.00429947329523	1.0	0.27807486631	0.0612244897959	0.235849056604
335816	11.3809258167	0.00337802888957	0.00440256104845	1.0	0.374331550802	0.775510204082	0.254716981132
231952	11.2264586198	0.00364926569936	0.00474783357426	1.0	0.526737967914	0.122448979592	0.297169811321
4397098	11.1754465419	0.00374354119877	0.00486207768822	1.0	10.9759358289	9.1768707483	4.12735849057
4365130	11.116394524	0.00385572099084	0.00499914169847	1.0	84.3101604278	177.721088435	55.6320754717
4453535	11.0420897026	0.00400166461259	0.00517943509237	1.0	0.208556149733	0.659863945578	10.8066037736
175560	11.0365337004	0.00401279669662	0.00518491944305	1.0	0.644385026738	0.163265306122	0.25
228556	10.9468901739	0.00419674905905	0.00541330238835	1.0	0.224598930481	0.510204081633	0.169811320755
4431545	10.9294865491	0.00423342773612	0.00545126311226	1.0	0.909090909091	0.47619047619	0.646226415094
526682	10.8863105071	0.00432581267917	0.00556070279442	1.0	0.163101604278	0.0340136054422	0.127358490566
368203	10.8121928456	0.00448912971781	0.00576079445016	1.0	0.173796791444	0.149659863946	0.0754716981132
301765	10.718377811	0.0047047205335	0.00602717179079	1.0	0.0828877005348	0.142857142857	0.245283018868
4480189	10.6962397244	0.00475708657493	0.00608389303461	1.0	1.96256684492	0.612244897959	1.31132075472
198420	10.672376137	0.00481418712925	0.00614646641969	1.0	0.112299465241	0.0408163265306	0.188679245283
312586	10.6666891624	0.00482789568993	0.00615352128615	1.0	0.748663101604	0.52380952381	0.443396226415
4330715	10.5089748468	0.00522402331807	0.00664714980573	1.0	0.542780748663	0.448979591837	0.358490566038
1096610	10.295722305	0.00581182204376	0.00738258475829	1.0	48.179144385	73.2721088435	58.9433962264
188079	10.1826852246	0.00614975760169	0.00779868080349	1.0	0.823529411765	1.27210884354	1.31132075472
530379	10.1133148101	0.00636680563687	0.00806033306216	1.0	0.155080213904	0.0408163265306	0.165094339623
187929	10.0859107701	0.00645464414317	0.00815780234565	1.0	0.435828877005	0.265306122449	0.665094339623
181074	9.93379127905	0.00696473555946	0.00878772003476	1.0	0.390374331551	0.204081632653	0.306603773585
157338	9.88750079935	0.00712781602255	0.00897842152255	1.0	7.31818181818	0.30612244898	11.5990566038
319680	9.81744308216	0.00738191978241	0.00928294929159	1.0	0.529411764706	0.30612244898	0.655660377358
3671383	9.63654710324	0.00808072605963	0.0101447512468	1.0	0.312834224599	0.163265306122	0.212264150943
211706	9.59799902698	0.00823798492018	0.0103249411	1.0	1.16310160428	1.48979591837	1.71698113208
186389	9.58492967105	0.00829199377176	0.0103753399607	1.0	0.192513368984	0.102040816327	0.0849056603774
3963289	9.57538717014	0.00833165148402	0.0104076443787	1.0	1.38235294118	1.2925170068	1.00943396226
177342	9.54675178732	0.008451799568	0.0105402210201	1.0	0.224598930481	0.047619047619	0.22641509434
191978	9.44008268285	0.00891480998986	0.0110992336298	1.0	0.286096256684	0.224489795918	0.358490566038
1100471	9.27734744372	0.00967051491857	0.0120082146508	1.0	7.85026737968	7.31292517007	10.929245283
2985051	9.27604129409	0.00967683255103	0.0120082146508	1.0	0.18449197861	0.65306122449	0.264150943396
175612	9.23386783328	0.00988305191504	0.0122439127514	1.0	0.326203208556	0.197278911565	0.22641509434
4350788	9.18303459097	0.0101374651681	0.0125384437606	1.0	0.283422459893	0.428571428571	0.11320754717
851668	9.0659880769	0.0107484465863	0.0132723018602	1.0	10.4411764706	64.1156462585	48.6698113208
4379646	8.91704425253	0.0115794636334	0.0142750109055	1.0	0.94385026738	0.421768707483	0.938679245283
4390839	8.89581937677	0.0117030043465	0.0144036976573	1.0	0.133689839572	0.0612244897959	0.198113207547
994357	8.86037629017	0.011912248231	0.0146372723361	1.0	3.18449197861	0.374149659864	9.87735849057
186379	8.83566375348	0.0120603522891	0.0147950814379	1.0	0.163101604278	0.12925170068	0.061320754717
1848900	8.72059478758	0.0127745880014	0.0156457494741	1.0	0.304812834225	0.210884353741	0.22641509434
4448492	8.69987811206	0.0129075991969	0.0157829505627	1.0	4.96524064171	7.8231292517	5.78301886792
194425	8.65503553368	0.0132002730125	0.0161146190022	1.0	0.141711229947	0.353741496599	0.0754716981132
4413347	8.47775448016	0.0144237771942	0.0175797089952	1.0	0.179144385027	0.360544217687	0.278301886792
4442508	8.28881276806	0.0158528436599	0.019290191638	1.0	0.625668449198	1.12925170068	0.240566037736
239358	8.19419138756	0.0166208774889	0.0201920837991	1.0	0.179144385027	0.108843537415	0.221698113208
4393745	8.17647058881	0.0167687994576	0.020338930955	1.0	1.70855614973	1.76870748299	2.14622641509
179760	8.0756653369	0.0176356533332	0.0213558958238	1.0	0.288770053476	0.360544217687	0.330188679245
110192	8.01720787484	0.0181587282705	0.0219539608672	1.0	0.393048128342	0.163265306122	0.537735849057
104135	7.94805751608	0.0187975496005	0.0226898191004	1.0	0.858288770053	1.22448979592	1.76886792453
516553	7.90450579118	0.01921137177	0.0231521659793	1.0	0.262032085561	0.0816326530612	0.278301886792
688923	7.89625171762	0.0192908216414	0.0232107165989	1.0	1.47593582888	0.918367346939	0.334905660377
174589	7.85574869545	0.0196854725807	0.0236477242503	1.0	0.200534759358	0.21768707483	0.0943396226415
4398028	7.85049945163	0.0197372073658	0.0236720573191	1.0	1.1256684492	5.14285714286	1.01886792453
1790209	7.71959624784	0.0210722530775	0.025233016424	1.0	5.04812834225	0.517006802721	1.15094339623
199318	7.69465354697	0.0213366980958	0.0255090571829	1.0	0.200534759358	0.0748299319728	0.141509433962
4442899	7.5834774291	0.0225563486844	0.026924403509	1.0	7.80748663102	4.73469387755	5.65566037736
138179	7.51840659302	0.0233022980036	0.0277707259885	1.0	4.82085561497	2.07482993197	7.85377358491
197537	7.31944042359	0.0257397133872	0.0306270007392	1.0	0.16577540107	0.136054421769	0.061320754717
1100972	7.21687895297	0.0270940948654	0.0321876134893	1.0	1.52673796791	0.43537414966	1.33962264151
181204	7.16541724148	0.0278002957253	0.0329744832578	1.0	0.360962566845	0.380952380952	0.240566037736
2407149	6.98531451079	0.0304199311521	0.0360248633487	1.0	21.692513369	11.7346938776	35.25
819636	6.95831004381	0.0308334536214	0.0364571652881	1.0	0.459893048128	0.836734693878	0.391509433962
2599028	6.90121235559	0.0317263987094	0.0374540845047	1.0	0.344919786096	0.265306122449	0.443396226415
4342104	6.86926063231	0.0322373256479	0.0379976001367	1.0	0.625668449198	2.00680272109	0.740566037736
175704	6.83938705896	0.0327224618724	0.0385090631111	1.0	0.192513368984	0.285714285714	0.108490566038
91962	6.82488207034	0.0329606440041	0.0387287567048	1.0	1.48663101604	0.353741496599	0.580188679245
188333	6.76316172844	0.0339936728538	0.0398802527084	1.0	0.668449197861	0.632653061224	0.580188679245
1944498	6.71863588579	0.0347589584563	0.0407145432385	1.0	3.89839572193	4.86394557823	6.25943396226
4376230	6.64225475348	0.0361120968585	0.0422337431378	1.0	0.379679144385	0.469387755102	0.231132075472
184984	6.59188218564	0.0370331769858	0.0432437097722	1.0	0.208556149733	0.108843537415	0.292452830189
851938	6.44606284996	0.0398341208979	0.0464422618841	1.0	0.125668449198	0.21768707483	0.570754716981
368486	6.24486704008	0.0440498417092	0.0512778343117	1.0	4.08288770053	3.36054421769	7.24528301887
4344207	6.15793022178	0.0460068440028	0.0534418334761	1.0	2.5320855615	14.2108843537	1.92924528302
963239	6.15289228566	0.0461228798573	0.0534418334761	1.0	0.219251336898	1.22448979592	0.13679245283
495017	6.15242666899	0.0461336188983	0.0534418334761	1.0	6.50534759358	5.93197278912	18.7452830189
151870	6.14985080469	0.0461930741482	0.0534418334761	1.0	0.457219251337	0.380952380952	0.405660377358
176113	6.089582508	0.0476062485643	0.0549921642402	1.0	0.163101604278	0.142857142857	0.0849056603774
4452107	6.06043982772	0.0483050140157	0.0557137584966	1.0	0.33422459893	0.231292517007	0.25
1108656	6.05342984122	0.0484746198238	0.0558237582045	1.0	0.152406417112	0.251700680272	0.13679245283
1039584	5.95720728264	0.0508638084207	0.0584856023431	1.0	0.954545454545	0.210884353741	3.91509433962
160178	5.9374779607	0.0513680456221	0.058975221844	1.0	0.326203208556	0.496598639456	0.518867924528
188887	5.93344979472	0.051471609387	0.059004040029	1.0	0.430481283422	0.387755102041	0.584905660377
4479989	5.8673842511	0.0532002530774	0.0608928315284	1.0	3.2807486631	6.22448979592	3.36320754717
25005	5.84945799704	0.0536792370946	0.0613476995366	1.0	0.494652406417	0.612244897959	0.377358490566
315846	5.83243967771	0.0541379511613	0.0617780565604	1.0	9.83155080214	0.102040816327	19.0896226415
183925	5.78761978445	0.0553648760715	0.0630824042512	1.0	0.192513368984	0.312925170068	0.254716981132
4389289	5.75773979534	0.0561982367196	0.0639350590214	1.0	0.775401069519	0.557823129252	0.410377358491
4418496	5.71401791238	0.0574403100649	0.0652494156628	1.0	0.197860962567	0.149659863946	0.216981132075
3903651	5.69251177585	0.0580613024434	0.0658553536009	1.0	16.5401069519	21.4897959184	25.0235849057
4427459	5.60234199736	0.0607388957983	0.0687886289763	1.0	10.5294117647	12.462585034	6.67924528302
4450198	5.52806489207	0.06303706161	0.071284015535	1.0	1.60695187166	2.21088435374	2.23113207547
1082607	5.41915495091	0.0665649260893	0.0751603970258	1.0	2.80213903743	2.45578231293	6.25
207994	5.40196949348	0.0671393649048	0.0756953559347	1.0	0.430481283422	0.598639455782	0.245283018868
4447176	5.37786539967	0.067953427386	0.0764984691531	1.0	0.516042780749	0.510204081633	5.68396226415
246717	5.34579744151	0.0690517731143	0.0776187345022	1.0	5.62032085561	7.3537414966	3.87264150943
4361189	5.33822604087	0.0693136778676	0.0777968444126	1.0	6.21657754011	6.60544217687	12.9245283019
4402645	5.28139388896	0.0713115520408	0.0799199510204	1.0	0.697860962567	0.462585034014	3.3820754717
34139	5.22512260119	0.0733464406896	0.0820781598193	1.0	0.096256684492	0.176870748299	0.165094339623
546384	5.16970673291	0.0754071360061	0.0842587909013	1.0	0.614973262032	0.258503401361	0.254716981132
4360128	5.16551818986	0.0755652245061	0.0843101614668	1.0	0.25935828877	0.258503401361	0.391509433962
872701	5.13837678752	0.076597687364	0.0852478754997	1.0	0.409090909091	3.93197278912	4.49528301887
619817	5.13747066372	0.0766323987205	0.0852478754997	1.0	0.94385026738	0.408163265306	1.03301886792
3044876	5.12009153138	0.0773012026196	0.0858648513588	1.0	0.104278074866	0.176870748299	0.212264150943
175148	5.00776645002	0.0817668622019	0.0906912689908	1.0	0.254010695187	0.578231292517	0.150943396226
14280	4.96634029921	0.0834781673977	0.092452992464	1.0	4.77005347594	6.96598639456	19.9952830189
1105876	4.95992692318	0.0837462854925	0.0926135392505	1.0	0.483957219251	0.938775510204	1.82547169811
4349519	4.94334972405	0.0844433096045	0.0932472376249	1.0	1.33422459893	2.73469387755	1.27830188679
4431558	4.72906573597	0.0939931973467	0.103640592969	1.0	1.39839572193	2.40816326531	0.943396226415
4327141	4.66410100077	0.0970964465255	0.106905604374	1.0	0.0989304812834	0.238095238095	0.122641509434
171399	4.55154639739	0.10271745672	0.112929133703	1.0	0.216577540107	0.0952380952381	0.198113207547
187385	4.27898383707	0.117714636455	0.129228330824	1.0	0.20320855615	0.224489795918	0.13679245283
824742	4.13630147517	0.126419348225	0.13858214266	1.0	0.414438502674	0.571428571429	0.325471698113
177986	4.10611922504	0.128341626609	0.14048457527	1.0	1.06684491979	1.89115646259	1.16509433962
537085	4.04660897288	0.132217830372	0.14451716343	1.0	0.339572192513	0.176870748299	0.174528301887
4401110	4.02299262042	0.133788335969	0.146021521986	1.0	0.558823529412	0.503401360544	0.735849056604
197481	3.87214759788	0.144269269431	0.157139734644	1.0	0.163101604278	0.170068027211	0.11320754717
195004	3.87043268015	0.144393027446	0.157139734644	1.0	0.323529411765	0.299319727891	0.240566037736
1888072	3.84737357825	0.146067448325	0.158732255983	1.0	0.219251336898	0.231292517007	0.132075471698
4454979	3.74279697281	0.153908272614	0.167011574323	1.0	0.122994652406	0.156462585034	0.0896226415094
536866	3.7393744988	0.154171871621	0.167056552535	1.0	0.213903743316	0.965986394558	0.268867924528
4378081	3.66267188002	0.160199407956	0.173338064436	1.0	0.668449197861	0.585034013605	9.8679245283
1602805	3.50668984895	0.173193653788	0.187128775357	1.0	0.719251336898	0.795918367347	1.56603773585
1028632	3.43362793557	0.179637568226	0.193812699147	1.0	0.564171122995	0.408163265306	0.674528301887
190502	3.42185894271	0.180697761146	0.1946772441	1.0	0.232620320856	0.149659863946	0.193396226415
178859	3.39594194352	0.183054570386	0.196934244536	1.0	0.430481283422	0.292517006803	0.570754716981
1000986	3.38397376733	0.184153269138	0.197833226274	1.0	5.14973262032	11.5442176871	6.27830188679
366451	3.3039451153	0.19167145249	0.205616165867	1.0	0.483957219251	0.442176870748	0.283018867925
195494	3.29228339999	0.192792326098	0.206523973255	1.0	0.280748663102	0.197278911565	0.405660377358
183169	3.22038106159	0.199849532957	0.213779301257	1.0	0.22192513369	0.149659863946	0.22641509434
185232	2.89331045149	0.235356186348	0.251403199054	1.0	0.187165775401	0.455782312925	0.231132075472
4380191	2.86330548777	0.23891373255	0.25484131472	1.0	0.288770053476	0.47619047619	0.353773584906
178151	2.83671255944	0.242111653841	0.25788663412	1.0	0.179144385027	0.163265306122	0.150943396226
2487345	2.83138113684	0.242757914602	0.258209267017	1.0	0.136363636364	0.142857142857	0.490566037736
189679	2.6260538572	0.269004565179	0.285722363015	1.0	0.262032085561	0.285714285714	0.212264150943
183054	2.59435738002	0.273301775373	0.289877200395	1.0	0.136363636364	0.231292517007	0.169811320755
503372	2.55913000245	0.278158272648	0.294612705678	1.0	8.76737967914	15.1700680272	4.65094339623
841635	2.47391865268	0.290265480045	0.307003714478	1.0	5.86363636364	67.9115646259	24.5518867925
73609	2.38587250218	0.303329304198	0.320370276344	1.0	1.83957219251	0.544217687075	2.18396226415
4356307	2.37918596034	0.304345113356	0.32099232152	1.0	3.31016042781	0.755102040816	1.64150943396
183296	2.29273331197	0.317789312215	0.334702468887	1.0	1.46256684492	0.700680272109	1.79245283019
110060	2.26013530575	0.323011403033	0.33950039235	1.0	0.465240641711	0.789115646259	0.462264150943
3805726	2.2586726666	0.323247713993	0.33950039235	1.0	6.83957219251	2.7619047619	13.9669811321
2066056	2.20431305854	0.332154010934	0.348367944522	1.0	0.756684491979	4.14285714286	0.665094339623
213522	1.98900648925	0.369907152278	0.387423646954	1.0	0.451871657754	0.30612244898	0.391509433962
194670	1.94814333458	0.377542676147	0.394870782284	1.0	0.141711229947	0.108843537415	0.207547169811
177593	1.90778285654	0.385238972959	0.402360705091	1.0	0.732620320856	0.394557823129	0.457547169811
621472	1.71781128225	0.423625426985	0.441839557688	1.0	0.264705882353	0.43537414966	0.264150943396
4476950	1.70153018327	0.427088045425	0.444834086093	1.0	17.6524064171	11.6394557823	24.5943396226
363519	1.69822413552	0.427794615989	0.444953736132	1.0	0.697860962567	0.829931972789	0.339622641509
188127	1.67077862606	0.43370560132	0.450478746122	1.0	0.251336898396	0.897959183673	0.316037735849
189588	1.6490254964	0.438448575285	0.454777004985	1.0	0.173796791444	0.204081632653	0.188679245283
4030375	1.60345226139	0.44855403261	0.464617951133	1.0	0.160427807487	0.163265306122	0.212264150943
813479	1.52177865916	0.467250702308	0.483318470613	1.0	0.957219251337	1.51700680272	1.10377358491
4361727	1.45041877868	0.484223167171	0.500186568286	1.0	1.58823529412	2.26530612245	2.06132075472
1010876	1.38475738358	0.500384392067	0.516171553956	1.0	0.149732620321	0.102040816327	0.169811320755
591285	1.35067366265	0.508984949656	0.524324222112	1.0	0.29679144385	0.544217687075	0.278301886792
178183	1.30185492829	0.521561822482	0.536545130652	1.0	0.24064171123	0.517006802721	0.325471698113
4466707	1.1158763342	0.572388016474	0.587711297362	1.0	4.20855614973	6.33333333333	0.938679245283
1062356	1.11422012921	0.572862208732	0.587711297362	1.0	1.04545454545	0.421768707483	0.188679245283
30062	1.09705797812	0.577799134393	0.591968595454	1.0	3.74331550802	13.1088435374	12.6981132075
4393565	1.06679256015	0.586609293204	0.600177127196	1.0	0.577540106952	3.78231292517	4.01886792453
4393532	0.889807546695	0.640885943374	0.65450781213	1.0	4.37967914439	6.67346938776	4.47641509434
4306262	0.888040378873	0.641452470133	0.65450781213	1.0	24.4839572193	134.707482993	51.5801886792
4435690	0.718447265506	0.698218189435	0.711463520942	1.0	0.120320855615	0.197278911565	0.193396226415
4383958	0.666164972229	0.716711073006	0.729318980921	1.0	0.98128342246	0.326530612245	1.01886792453
99566	0.524441047917	0.7693413468	0.781817152424	1.0	0.136363636364	0.115646258503	0.146226415094
4396426	0.505596847733	0.776624414993	0.788153252463	1.0	0.302139037433	1.15646258503	0.316037735849
4476604	0.469316248371	0.790841172888	0.801499409719	1.0	40.6203208556	73.6462585034	103.306603774
2859978	0.448512019473	0.799110528104	0.808790198027	1.0	0.229946524064	0.210884353741	0.25
587933	0.324026772237	0.85042982051	0.859574227182	1.0	1.36898395722	3.73469387755	0.674528301887
1061772	0.279185869397	0.869712193008	0.877883985425	1.0	0.224598930481	0.30612244898	0.22641509434
4457872	0.239946768223	0.886944043207	0.89407764141	1.0	35.2032085561	33.8911564626	43.0188679245
2654263	0.207455159309	0.901470842973	0.907504784358	1.0	0.243315508021	0.408163265306	0.457547169811
4426874	0.131891661169	0.936181575327	0.941187893911	1.0	1.51871657754	1.44217687075	2.14622641509
4465275	0.112063042142	0.945509331954	0.949296418731	1.0	0.235294117647	1.14285714286	0.344339622642
4372003	0.0916723118524	0.955198452976	0.957745648851	1.0	0.390374331551	0.285714285714	0.47641509434
190649	0.0375226456566	0.981413575307	0.981613199148	1.0	0.29679144385	0.47619047619	0.551886792453
175145	0.0371158782213	0.981613199148	0.981613199148	1.0	0.264705882353	0.292517006803	0.22641509434