OTU	Test-Statistic	P	FDR_P	Bonferroni_P	Control_mean	Crohns_mean
4414420	231.065106035	3.49190969654e-52	2.62591609179e-49	2.62591609179e-49	130.219251337	0.465181058496
4371061	211.95371783	5.14788840142e-48	1.93560603893e-45	3.87121207787e-45	28.1417112299	8.43454038997
4455386	191.283819327	1.66765363606e-43	4.18025178107e-41	1.25407553432e-40	0.0775401069519	26.7966573816
3537197	186.402690056	1.93903077019e-42	3.64537784796e-40	1.45815113918e-39	16.2459893048	7.69637883008
4478815	183.128865098	1.00529581912e-41	1.51196491195e-39	7.55982455977e-39	83.5401069519	22.1142061281
4393352	180.948587258	3.0082101828e-41	3.77029009578e-39	2.26217405747e-38	0.0	0.676880222841
4481131	179.586187623	5.96723180922e-41	6.41051188647e-39	4.48735832053e-38	351.334224599	92.2618384401
4479443	170.676254127	5.26583826828e-39	4.94988797219e-37	3.95991037775e-36	11.5454545455	0.601671309192
4414476	168.3293671	1.71419289877e-38	1.43230339986e-36	1.28907305988e-35	32.050802139	5.74373259053
197624	167.885054159	2.14342511491e-38	1.61185568642e-36	1.61185568642e-35	2.08823529412	0.440111420613
4380886	163.963659107	1.5406378603e-37	1.0532360645e-35	1.15855967095e-34	0.336898395722	6.59052924791
176062	163.550706754	1.89632655303e-37	1.1883646399e-35	1.42603756788e-34	9.27807486631	0.373259052925
4424063	161.091954232	6.53242459379e-37	3.77875638041e-35	4.91238329453e-34	11.8101604278	3.16713091922
4445692	154.514694616	1.7875118632e-35	9.60149229379e-34	1.34420892113e-32	0.0695187165775	0.543175487465
4454586	148.940733281	2.95457846711e-34	1.48122867151e-32	2.22184300727e-31	14.2058823529	1.79665738162
195651	138.274817321	6.34581623784e-32	2.98253363179e-30	4.77205381086e-29	2.79144385027	0.757660167131
563803	134.431497005	4.39630946759e-31	1.94472042331e-29	3.30602471963e-28	1.94919786096	0.058495821727
4458576	132.238952053	1.3265160271e-30	5.54188917988e-29	9.97540052378e-28	6.72727272727	0.523676880223
4459196	126.755637929	2.10115561178e-29	8.31615273714e-28	1.58006902006e-26	4.61229946524	24.0
2582660	125.879872838	3.26671119553e-29	1.22828340952e-27	2.45656681904e-26	12.6550802139	4.94986072423
4354486	123.221490014	1.24719553566e-28	4.46614782294e-27	9.37891042818e-26	1.5935828877	0.286908077994
4471854	121.134041814	3.57165826083e-28	1.22085773279e-26	2.68588701215e-25	49.6336898396	13.4484679666
173863	118.155661678	1.60300896038e-27	5.04867273371e-26	1.2054627382e-24	6.78342245989	2.12256267409
4426051	118.145455617	1.61127853203e-27	5.04867273371e-26	1.21168145609e-24	29.179144385	6.05292479109
174862	115.451344178	6.26781512565e-27	1.8853587898e-25	4.71339697449e-24	1.52941176471	0.431754874652
174489	112.617784594	2.6165020817e-26	7.56772909785e-25	1.96760956544e-23	3.19251336898	0.841225626741
4331360	111.1351616	5.52709636859e-26	1.53939869229e-24	4.15637646918e-23	7.7192513369	1.01949860724
4416570	110.98969236	5.94791555944e-26	1.59744017882e-24	4.4728325007e-23	67.7326203209	38.2284122563
4447950	110.328506945	8.30260507883e-26	2.15295138596e-24	6.24355901928e-23	110.122994652	87.4623955432
4331723	109.351024819	1.35947330702e-25	3.34383851366e-24	1.02232392688e-22	1.28342245989	0.284122562674
192015	109.323555603	1.37844406813e-25	3.34383851366e-24	1.03658993923e-22	1.7513368984	0.473537604457
4335781	109.193737025	1.47174437234e-25	3.45859927501e-24	1.106751768e-22	0.096256684492	3.36211699164
187212	107.997117336	2.69169386003e-25	6.13379934165e-24	2.02415378274e-22	1.16310160428	0.41504178273
4301511	104.594839602	1.49846565296e-24	3.31425344419e-23	1.12684617103e-21	5.29679144385	1.35376044568
184394	104.262756369	1.77188546637e-24	3.80702248774e-23	1.33245787071e-21	1.23796791444	0.142061281337
188348	102.091694862	5.30103274482e-24	1.10732684003e-22	3.9863766241e-21	0.275401069519	11.7883008357
4448331	101.840860255	6.01662174636e-24	1.2228377171e-22	4.52449955326e-21	414.13368984	792.835654596
157453	100.923707687	9.55954715787e-24	1.89178406914e-22	7.18877946272e-21	3.62834224599	0.721448467967
189708	99.8451996128	1.64786281286e-23	3.17741752634e-22	1.23919283527e-20	0.735294117647	0.130919220056
4407939	99.6234806066	1.8430632302e-23	3.46495887278e-22	1.38598354911e-20	0.534759358289	3.80222841226
3931537	99.2327768933	2.24500541009e-23	4.11766845948e-22	1.68824406839e-20	6.16844919786	2.79665738162
349786	98.0795882845	4.01900312133e-23	7.1959293982e-22	3.02229034724e-20	1.80481283422	0.264623955432
4469233	97.5887650402	5.14952833074e-23	9.00568675515e-22	3.87244530472e-20	5.36096256684	0.1643454039
4453609	96.9960350091	6.94663001831e-23	1.18724222131e-21	5.22386577377e-20	66.2860962567	13.5626740947
4483963	95.5338069007	1.4538720781e-22	2.42958178385e-21	1.09331180273e-19	138.27540107	60.4094707521
1144153	95.1923606962	1.72755657666e-22	2.82417944706e-21	1.29912254565e-19	0.0427807486631	60.3119777159
182054	93.4345246978	4.19862674322e-22	6.71780278914e-21	3.1573673109e-19	1.02941176471	0.228412256267
4465907	90.2883886723	2.05857157783e-21	3.22509547193e-20	1.54804582653e-18	63.9812834225	45.643454039
4459708	89.5243194095	3.02892138735e-21	4.64846710875e-20	2.27774888329e-18	4.67379679144	3.15877437326
4467447	89.4175128442	3.19693995167e-21	4.80819768731e-20	2.40409884365e-18	369.802139037	180.520891365
4385479	88.5255405197	5.01827449345e-21	7.39949493936e-20	3.77374241907e-18	22.6310160428	308.245125348
2686369	88.3298617726	5.54007611029e-21	8.01180237488e-20	4.16613723494e-18	2.94652406417	1.52646239554
452592	87.9887368553	6.58282389511e-21	9.34015767758e-20	4.95028356912e-18	0.0	0.284122562674
4447188	85.1548703605	2.758873717e-20	3.8419871022e-19	2.07467303519e-17	51.2486631016	5.13927576602
178018	83.6664538545	5.85707311622e-20	8.00821633346e-19	4.4045189834e-17	5.44385026738	0.0139275766017
4356065	83.4834694361	6.42510001589e-20	8.62799144991e-19	4.83167521195e-17	11.2967914439	2.17548746518
3302038	82.9080281451	8.59613490344e-20	1.13408656972e-18	6.46429344739e-17	12.6042780749	7.91364902507
185734	82.4198481984	1.10043206837e-19	1.42676709554e-18	8.27524915416e-17	0.588235294118	0.105849582173
177230	82.0439210758	1.33095901399e-19	1.69640877715e-18	1.00088117852e-16	3.62299465241	0.740947075209
4278525	80.7060559247	2.61918245572e-19	3.28270867783e-18	1.9696252067e-16	1.45721925134	0.42061281337
2617854	79.9087988581	3.92096589025e-19	4.83371532699e-18	2.94856634946e-16	4.42513368984	0.467966573816
4476780	79.8514342191	4.03647156961e-19	4.89584938765e-18	3.03542662034e-16	26.8101604278	7.42339832869
4456027	79.0028127696	6.20215673945e-19	7.40320931439e-18	4.66402186806e-16	11.8636363636	3.86908077994
174901	78.0058430077	1.02736205194e-18	1.20715041103e-17	7.72576263057e-16	1.62299465241	0.0362116991643
4483046	77.5059322682	1.32324437303e-18	1.53089195156e-17	9.95079768516e-16	1.66844919786	0.041782729805
4483045	76.9088833725	1.79030025027e-18	2.03985725485e-17	1.3463057882e-15	20.9518716578	7.74651810585
187883	76.5048984087	2.1966743674e-18	2.46552108103e-17	1.65189912429e-15	0.927807486631	0.25069637883
4479405	76.3917106538	2.32625696464e-18	2.57256652561e-17	1.74934523741e-15	10.756684492	20.9052924791
4444262	76.0026454945	2.83284959542e-18	3.0873955011e-17	2.13030289576e-15	22.885026738	8.88857938719
191442	75.6694244642	3.35360598014e-18	3.6027309958e-17	2.52191169706e-15	0.510695187166	0.114206128134
3944484	75.3749171552	3.89304305334e-18	4.123335741e-17	2.92756837611e-15	0.291443850267	4.45682451253
4454529	74.4892876642	6.09682018089e-18	6.36778996671e-17	4.58480877603e-15	0.0561497326203	27.4401114206
312770	74.0870506077	7.47470571171e-18	7.69997081535e-17	5.62097869521e-15	0.435828877005	0.00557103064067
4472202	73.8920747383	8.25069015545e-18	8.38448513094e-17	6.2045189969e-15	47.3743315508	12.9721448468
1102370	73.4734545522	1.01998733614e-17	1.02270730236e-16	7.67030476774e-15	1.43315508021	0.0724233983287
4428676	71.8892678914	2.27618543044e-17	2.2522255838e-16	1.71169144369e-14	1.19786096257	0.359331476323
760967	71.7491292047	2.44371766675e-17	2.38659179922e-16	1.8376756854e-14	4.21390374332	32.2395543175
187126	70.2974319827	5.10040489384e-17	4.91731343611e-16	3.83550448017e-14	1.13368983957	0.395543175487
4352657	68.8897696473	1.04123556118e-16	9.91150812664e-16	7.83009142004e-14	35.0294117647	14.4150417827
185420	68.8253389871	1.07581502456e-16	1.01126612309e-15	8.0901289847e-14	14.8342245989	4.08077994429
520413	67.5491821512	2.05496471181e-16	1.90781909047e-15	1.54533346328e-13	0.494652406417	0.111420612813
4412540	67.4972417552	2.10982046391e-16	1.92696811245e-15	1.58658498886e-13	7.83155080214	0.515320334262
173135	67.4814012512	2.12683980496e-16	1.92696811245e-15	1.59938353333e-13	0.767379679144	0.239554317549
4326080	66.9832499235	2.73823840661e-16	2.45137533544e-15	2.05915528177e-13	0.794117647059	0.200557103064
180468	66.7515730874	3.07971561226e-16	2.72464251814e-15	2.31594614042e-13	2.97860962567	1.49860724234
4472174	66.3553654069	3.7653255822e-16	3.29247074165e-15	2.83152483782e-13	20.550802139	20.1225626741
4436552	66.2652947389	3.94137535343e-16	3.39102589792e-15	2.96391426578e-13	221.435828877	48.4289693593
199694	66.2519143068	3.96822179543e-16	3.39102589792e-15	2.98410279017e-13	1.05080213904	0.33426183844
185864	65.9761047312	4.56423053575e-16	3.83819531794e-15	3.43230136288e-13	0.614973262032	0.0640668523677
4454531	65.9634692877	4.593584822e-16	3.83819531794e-15	3.45437578615e-13	4.26737967914	12.5793871866
4359797	65.7445778742	5.13315951658e-16	4.24190764447e-15	3.86013595647e-13	3.33957219251	2.54596100279
4454025	65.4501831067	5.96016987277e-16	4.87179102644e-15	4.48204774432e-13	0.935828877005	5.98328690808
2979308	65.3859401908	6.15766397642e-16	4.97910033362e-15	4.63056331027e-13	11.3128342246	3.22841225627
177581	65.0130099975	7.44052070117e-16	5.95241656093e-15	5.59527156728e-13	3.06684491979	1.99721448468
171532	64.4846176639	9.72889252979e-16	7.70118650779e-15	7.3161271824e-13	7.53743315508	3.80501392758
193968	64.3614381861	1.03565401849e-15	8.09005960585e-15	7.78811821904e-13	2.57754010695	1.89415041783
199490	64.3465082287	1.04353162469e-15	8.09005960585e-15	7.84735781768e-13	0.852941176471	0.267409470752
137183	64.2573820154	1.09182088721e-15	8.37805415493e-15	8.21049307183e-13	0.655080213904	8.62395543175
4469576	63.1879277799	1.87896447111e-15	1.42725382048e-14	1.41298128228e-12	9.20588235294	67.1197771588
4457438	61.6988520866	4.00213557132e-15	3.00960594964e-14	3.00960594964e-12	259.839572193	168.885793872
1504042	60.8994091438	6.00668659682e-15	4.47230526813e-14	4.51702832081e-12	23.2352941176	14.0919220056
4434334	60.3767182577	7.83340280587e-15	5.77521461766e-14	5.89071891002e-12	5.49732620321	26.782729805
4392183	60.169275768	8.70403086417e-15	6.35478758238e-14	6.54543120985e-12	1.26737967914	2.95821727019
174818	60.1242855051	8.90527554301e-15	6.43919923879e-14	6.69676720835e-12	6.21390374332	4.67409470752
190913	59.599775596	1.16248421901e-14	8.32560126377e-14	8.74188132696e-12	8.1550802139	7.88300835655
4396292	59.3628033192	1.31124289177e-14	9.30240240196e-14	9.86054654608e-12	1.65240641711	0.33147632312
4423553	58.8437868487	1.70699942719e-14	1.19968557873e-13	1.28366356925e-11	7.89037433155	0.286908077994
4473509	58.3767872063	2.16429630076e-14	1.50699149831e-13	1.62755081817e-11	14.0909090909	3.51532033426
269386	58.0184233368	2.59674401516e-14	1.79151513706e-13	1.9527514994e-11	12.949197861	0.197771587744
230232	57.5002849606	3.37930323107e-14	2.29889291588e-13	2.54123602977e-11	0.975935828877	0.58495821727
4466843	57.4921477584	3.39331268169e-14	2.29889291588e-13	2.55177113663e-11	0.419786096257	5.72144846797
365536	56.7685630462	4.90241218451e-14	3.2916196096e-13	3.68661396275e-11	1.88502673797	0.791086350975
131702	56.621004279	5.28443539292e-14	3.49922899951e-13	3.97389541548e-11	0.270053475936	10.008356546
4449054	56.6134845831	5.3046822599e-14	3.49922899951e-13	3.98912105945e-11	86.2727272727	50.0835654596
174924	56.5903405613	5.36748617311e-14	3.50986921929e-13	4.03634960218e-11	0.288770053476	1.20055710306
176306	56.4640095359	5.72364701101e-14	3.71050220024e-13	4.30418255228e-11	15.3636363636	10.7799442897
530094	56.3777521913	5.98032137301e-14	3.84376211325e-13	4.49720167251e-11	0.406417112299	0.0891364902507
259604	56.146230056	6.72764757033e-14	4.28744997703e-13	5.05919097289e-11	0.0588235294118	0.986072423398
4385326	55.9506617731	7.43127159703e-14	4.69606406804e-13	5.58831624097e-11	5.27005347594	2.5348189415
2500766	55.7755233797	8.12367050061e-14	5.09083351372e-13	6.10900021646e-11	6.04812834225	0.105849582173
178799	55.6545177977	8.63941547276e-14	5.36928961613e-13	6.49684043552e-11	4.18983957219	0.222841225627
165118	55.6130965188	8.82338441006e-14	5.4386762921e-13	6.63518507636e-11	13.9919786096	0.448467966574
163494	55.1845757908	1.0972641376e-13	6.70847667865e-13	8.25142631474e-11	0.427807486631	0.0891364902507
4472130	54.8946009914	1.27169868124e-13	7.71223716367e-13	9.56317408296e-11	2.39304812834	0.412256267409
847228	54.5419766459	1.52162623951e-13	9.15410345688e-13	1.14426293211e-10	60.8048128342	58.1309192201
36892	54.491606644	1.56113177087e-13	9.31723088646e-13	1.17397109169e-10	2.19786096257	0.153203342618
569244	54.4622092213	1.58466095681e-13	9.38318928757e-13	1.19166503952e-10	1.45989304813	0.08356545961
4405146	54.2968757595	1.72375667517e-13	1.01270704666e-12	1.29626501973e-10	8.61229946524	0.409470752089
4318284	54.269830233	1.74764552692e-13	1.01878250872e-12	1.31422943625e-10	0.510695187166	7.94428969359
4030287	54.1131843969	1.89267030866e-13	1.09483697855e-12	1.42328807211e-10	0.42513368984	0.0612813370474
2307779	54.0961027952	1.90919558295e-13	1.09596570868e-12	1.43571507837e-10	1.32085561497	0.74930362117
173965	53.8554345204	2.15797372797e-13	1.22939109351e-12	1.62279624343e-10	1.71390374332	0.389972144847
4372511	53.7672214231	2.2570709382e-13	1.27617845528e-12	1.69731734553e-10	0.673796791444	0.0362116991643
3973322	53.3080794111	2.85131415843e-13	1.60014048294e-12	2.14418824714e-10	1.43048128342	0.270194986072
4481613	53.1178593621	3.14123412547e-13	1.74978374989e-12	2.36220806235e-10	16.0614973262	12.6629526462
4479397	52.9768393561	3.37504615219e-13	1.86620199004e-12	2.53803470645e-10	52.3449197861	41.7715877437
9727	52.9289315802	3.45837762664e-13	1.89832114981e-12	2.60069997523e-10	2.22994652406	3.62674094708
4447072	52.6341475731	4.01841321226e-13	2.18974401132e-12	3.02184673562e-10	241.438502674	114.239554318
4441615	52.5306185291	4.23592516099e-13	2.29166598638e-12	3.18541572106e-10	1.40374331551	11.7075208914
836308	52.1333162769	5.18575791327e-13	2.78549282198e-12	3.89968995078e-10	0.724598930481	1.31754874652
4331760	51.6192631317	6.73772536988e-13	3.5934535306e-12	5.06676947815e-10	3.80748663102	0.206128133705
2403301	51.5553454186	6.96069119634e-13	3.68622519694e-12	5.23443977965e-10	17.2807486631	1.0278551532
2035344	50.844410197	9.99856191547e-13	5.2579850073e-12	7.51891856043e-10	5.04010695187	0.91643454039
4443143	50.5549026308	1.15877359713e-12	6.05137322948e-12	8.71397745045e-10	3.45187165775	0.515320334262
4476527	50.5153652357	1.18235468645e-12	6.13193602903e-12	8.8913072421e-10	51.8663101604	61.069637883
4440624	50.3686811855	1.27411435763e-12	6.56256162285e-12	9.58133996935e-10	0.927807486631	0.233983286908
230479	50.0325584081	1.51215950446e-12	7.73567311123e-12	1.13714394735e-09	1.03743315508	0.0362116991643
181174	49.9865093879	1.54806672065e-12	7.86585252657e-12	1.16414617393e-09	2.09625668449	0.768802228412
125624	49.5319182862	1.95170411824e-12	9.8502113887e-12	1.46768149692e-09	10.0294117647	1.63509749304
186272	49.3973615813	2.09026582147e-12	1.04791993183e-11	1.57187989775e-09	0.577540106952	0.0974930362117
4480529	49.256669324	2.24568543284e-12	1.11838108973e-11	1.68875544549e-09	16.371657754	7.32590529248
177037	49.1730595556	2.34347214888e-12	1.1594020105e-11	1.76229105595e-09	0.98128342246	0.203342618384
187178	48.9982005403	2.56197438905e-12	1.25921878469e-11	1.92660474057e-09	27.8663101604	0.735376044568
302128	48.6723036856	3.02508411867e-12	1.47718393327e-11	2.27486325724e-09	0.564171122995	0.075208913649
548503	48.4610688755	3.36911291523e-12	1.6345631692e-11	2.53357291225e-09	0.732620320856	5.77715877437
325850	47.9961307427	4.27061094503e-12	2.05865348119e-11	3.21149943066e-09	6.82352941176	0.899721448468
3696710	47.9748215129	4.31727809821e-12	2.06789371328e-11	3.24659312985e-09	6.67379679144	2.56824512535
172857	47.3949717373	5.80313539863e-12	2.76199862011e-11	4.36395781977e-09	0.192513368984	1.09192200557
730906	47.2964985982	6.10211215958e-12	2.88603040503e-11	4.58878834401e-09	3.10962566845	2.65459610028
2119695	47.2384969111	6.2853767434e-12	2.9541270694e-11	4.72660331104e-09	0.521390374332	0.091922005571
304539	47.0191546974	7.02963153925e-12	3.28340553883e-11	5.28628291752e-09	8.77272727273	0.395543175487
2814830	46.9703415909	7.20690886992e-12	3.34542930258e-11	5.41959547018e-09	4.22459893048	3.09470752089
514272	45.816248441	1.29881748813e-11	5.99209049739e-11	9.76710751075e-09	0.323529411765	0.08356545961
182117	45.184702244	1.79300208125e-11	8.22157051889e-11	1.3483375651e-08	0.374331550802	0.08356545961
4451899	44.9341493297	2.03773009748e-11	9.28710929276e-11	1.53237303331e-08	8.10962566845	3.91086350975
4409730	44.7953690653	2.1873941741e-11	9.90915915014e-11	1.64492041892e-08	13.9812834225	6.46796657382
15728	44.5262678002	2.50967292765e-11	1.13010421652e-10	1.8872740416e-08	3.28342245989	2.06963788301
4465124	44.4673855456	2.58630017899e-11	1.15767722298e-10	1.9448977346e-08	4.36096256684	0.949860724234
177679	44.3742953581	2.71225032274e-11	1.20687114953e-10	2.0396122427e-08	14.4625668449	0.437325905292
87839	43.6779301239	3.87112762911e-11	1.71240469241e-10	2.91108797709e-08	0.0989304812834	5.83008356546
174288	43.2908494862	4.71784680558e-11	2.07474900456e-10	3.5478207978e-08	0.716577540107	0.259052924791
529940	42.8542508276	5.89737993643e-11	2.57838936756e-10	4.4348297122e-08	0.235294117647	0.0362116991643
851682	42.5709986882	6.81625613249e-11	2.96290439979e-10	5.12582461163e-08	0.612299465241	6.67688022284
1820776	42.374411529	7.5369699735e-11	3.25735713797e-10	5.66780142007e-08	13.2994652406	0.559888579387
4465072	42.3412447401	7.6658739629e-11	3.29413555434e-10	5.7647372201e-08	14.9064171123	2.78830083565
554436	42.1781070917	8.33276586736e-11	3.56036359787e-10	6.26623993225e-08	0.427807486631	0.0974930362117
181871	41.828466793	9.96420996982e-11	4.23338186289e-10	7.49308589731e-08	1.17379679144	0.066852367688
4458700	41.7440169728	1.04040136574e-10	4.39540352268e-10	7.82381827037e-08	2.7486631016	10.4679665738
48084	41.6713166751	1.07981610225e-10	4.53643412789e-10	8.12021708892e-08	5.29946524064	25.4874651811
176690	41.1753303588	1.39167979927e-10	5.81412893915e-10	1.04654320905e-07	2.00534759358	1.45403899721
4349518	41.1209965134	1.43090897182e-10	5.9449919713e-10	1.07604354681e-07	0.786096256684	0.041782729805
190595	41.0846868299	1.45773980786e-10	6.02318865666e-10	1.09622033551e-07	0.724598930481	0.220055710306
194899	40.9136118954	1.59109070605e-10	6.53825251885e-10	1.19650021095e-07	0.360962566845	0.050139275766
4344883	40.8725904407	1.62484119009e-10	6.64065529863e-10	1.22188057495e-07	1.63368983957	0.696378830084
176115	40.6683822201	1.80382343458e-10	7.33229850164e-10	1.3564752228e-07	1.28609625668	0.782729805014
753638	40.4663557715	2.00030946913e-10	8.0872726924e-10	1.50423272079e-07	5.71122994652	16.364902507
4332078	40.2222502118	2.26652043257e-10	9.11456345075e-10	1.70442336529e-07	0.433155080214	0.0557103064067
179585	39.8257061598	2.77666461538e-10	1.11066584615e-09	2.08805179076e-07	1.26203208556	0.473537604457
2943548	39.5776587464	3.15269450207e-10	1.25440543151e-09	2.37082626556e-07	8.98395721925	4.18662952646
182089	39.3382250734	3.56395577864e-10	1.41057618186e-09	2.68009474554e-07	1.24331550802	0.799442896936
193863	39.2587206757	3.71206719269e-10	1.46150498895e-09	2.7914745289e-07	0.842245989305	0.387186629526
177478	39.1806815144	3.86344062027e-10	1.51318090961e-09	2.90530734644e-07	1.47860962567	0.239554317549
197490	38.5106683836	5.44552002131e-10	2.12177774924e-09	4.09503105602e-07	0.566844919786	0.214484679666
175836	38.4484563636	5.62190311634e-10	2.17921192963e-09	4.22767114349e-07	0.866310160428	0.150417827298
168289	37.6122233876	8.63019683012e-10	3.32815795705e-09	6.48990801625e-07	0.973262032086	0.799442896936
523768	37.5127897815	9.08155209065e-10	3.48435059805e-09	6.82932717217e-07	0.235294117647	0.0557103064067
4435400	37.4118909102	9.56372597894e-10	3.65072179501e-09	7.19192193617e-07	1.99197860963	1.54596100279
558281	37.3840276947	9.70133831764e-10	3.68454869438e-09	7.29540641487e-07	1.00267379679	1.82451253482
4474760	36.6412091613	1.4199792487e-09	5.35890073745e-09	1.06782439502e-06	1.13368983957	0.646239554318
175630	36.6340010852	1.42523955783e-09	5.35890073745e-09	1.07178014749e-06	1.2807486631	0.24791086351
4437362	36.5847340643	1.4617198828e-09	5.4687231436e-09	1.09921335186e-06	9.54010695187	1.58774373259
4456702	36.3881114761	1.61686447996e-09	6.01921826204e-09	1.21588208893e-06	12.3502673797	0.506963788301
195743	36.1317758084	1.84415070208e-09	6.83153363528e-09	1.38680132796e-06	0.406417112299	0.144846796657
4481427	35.7124606004	2.28696545528e-09	8.4303824626e-09	1.71979802237e-06	58.9839572193	34.0947075209
4414822	35.6277609451	2.3885921243e-09	8.76205501206e-09	1.79622127747e-06	9.18449197861	4.11142061281
4474380	35.3354835671	2.77529396959e-09	1.01311702191e-08	2.08702106513e-06	25.4411764706	22.8885793872
4387246	35.2290891216	2.93112493507e-09	1.06483379284e-08	2.20420595117e-06	0.435828877005	0.0807799442897
2532173	35.2114452813	2.95780116824e-09	1.0693588839e-08	2.22426647851e-06	7.40909090909	4.31754874652
186906	35.071055297	3.17891020517e-09	1.14379926999e-08	2.39054047429e-06	0.628342245989	0.306406685237
178478	34.8191679562	3.61793872772e-09	1.29556663012e-08	2.72068992325e-06	12.8021390374	9.17548746518
4459940	34.7172289004	3.81242593834e-09	1.35874137708e-08	2.86694430563e-06	0.245989304813	0.0529247910864
4405869	34.6900668875	3.86599161555e-09	1.37133287495e-08	2.90722569489e-06	0.0534759358289	3.27019498607
4417470	34.6447425289	3.95705832348e-09	1.39704594331e-08	2.97570785926e-06	0.0748663101604	0.506963788301
188856	34.4185685466	4.44462684815e-09	1.56185018215e-08	3.34235938981e-06	0.227272727273	0.0473537604457
191683	34.0651295957	5.3297877682e-09	1.86418623334e-08	4.00800040168e-06	0.288770053476	0.0863509749304
4437359	33.8083786696	6.08163729942e-09	2.1173107635e-08	4.57339124917e-06	6.28877005348	2.00835654596
313593	33.7355067055	6.31376867891e-09	2.18799725647e-08	4.74795404654e-06	3.68983957219	2.43175487465
4381422	33.6039011437	6.75570995159e-09	2.33041003835e-08	5.0802938836e-06	0.494652406417	0.183844011142
2304693	33.4166114882	7.43858909383e-09	2.55425525049e-08	5.59381899856e-06	0.823529411765	1.48746518106
560465	33.094026451	8.78080753743e-09	3.00143966734e-08	6.60316726815e-06	0.072192513369	0.314763231198
194557	32.782257604	1.03081418514e-08	3.50756682004e-08	7.75172267228e-06	0.414438502674	0.058495821727
46026	32.691255991	1.08022076264e-08	3.65912618694e-08	8.12326013502e-06	5.3743315508	1.34818941504
654307	32.5401062667	1.16758003494e-08	3.93731025235e-08	8.78020186274e-06	0.529411764706	2.65459610028
4460847	32.2669849682	1.34377278546e-08	4.51123720835e-08	1.01051713467e-05	1.43582887701	0.256267409471
176346	31.8083147621	1.70162726247e-08	5.68721645058e-08	1.27962370138e-05	1.58556149733	0.841225626741
312882	31.6878774217	1.81048789512e-08	6.02427830588e-08	1.36148689713e-05	0.927807486631	0.231197771588
193679	31.556351414	1.93735668361e-08	6.41802742763e-08	1.45689222607e-05	2.04545454545	1.84679665738
191913	31.5071043655	1.98711897562e-08	6.55400644589e-08	1.49431346966e-05	0.66577540107	0.33147632312
196134	31.2579864299	2.25916180991e-08	7.3876496289e-08	1.69888968106e-05	0.291443850267	0.058495821727
573061	31.2576782256	2.2595204982e-08	7.3876496289e-08	1.69915941465e-05	0.320855614973	0.674094707521
744941	31.1616839623	2.37406098545e-08	7.72854485307e-08	1.78529386106e-05	0.347593582888	0.986072423398
3138798	31.0352743146	2.53381395095e-08	8.21305211686e-08	1.90542809111e-05	24.6657754011	6.08356545961
166637	30.9613309389	2.63220846838e-08	8.49536810396e-08	1.97942076822e-05	0.355614973262	3.59888579387
544996	30.9404936172	2.66062114353e-08	8.55037222195e-08	2.00078709994e-05	0.379679144385	2.19777158774
4432891	30.8921197301	2.7277714284e-08	8.72886857089e-08	2.05128411416e-05	1.95721925134	2.52924791086
193763	30.8733854968	2.7542311433e-08	8.77619415153e-08	2.07118181976e-05	0.275401069519	0.100278551532
182196	30.5625670433	3.2327108879e-08	1.02573780072e-07	2.4309985877e-05	0.401069518717	0.186629526462
2331530	30.1859737423	3.92538096438e-08	1.24028843917e-07	2.95188648522e-05	0.510695187166	0.183844011142
4428714	30.0597231573	4.18942669315e-08	1.31817944488e-07	3.15044887325e-05	6.32887700535	0.451253481894
194372	29.773612388	4.85556137747e-08	1.52140923161e-07	3.65138215586e-05	0.280748663102	0.0807799442897
319621	29.6551625207	5.1614983457e-08	1.6105588199e-07	3.88144675597e-05	114.465240642	5.95821727019
175909	29.6318704406	5.22389313078e-08	1.62329241089e-07	3.92836763435e-05	0.307486631016	0.142061281337
300829	29.4868128053	5.62984613186e-08	1.74224044904e-07	4.23364429116e-05	0.545454545455	4.66295264624
185235	29.3342241322	6.09103725052e-08	1.87723771e-07	4.58046001239e-05	0.283422459893	0.0863509749304
184534	29.2660167612	6.30925441841e-08	1.93655482557e-07	4.74455932264e-05	7.12834224599	0.442896935933
3409358	29.0216542662	7.15737456663e-08	2.18794539598e-07	5.38234567411e-05	35.1657754011	17.7799442897
1051082	28.7705304417	8.14815567119e-08	2.48073403431e-07	6.12741306474e-05	1.01336898396	2.94150417827
4346675	28.5646937592	9.0619531005e-08	2.74781803693e-07	6.81458873158e-05	29.6711229947	32.1671309192
329597	28.4291424701	9.71912182509e-08	2.93525285641e-07	7.30877961247e-05	0.347593582888	0.091922005571
828333	28.3801178856	9.96838264728e-08	2.9984895003e-07	7.49622375076e-05	1.21122994652	0.846796657382
148354	28.3223999977	1.02700670482e-07	3.07692845428e-07	7.72309042025e-05	3.07486631016	0.476323119777
4481195	28.239218709	1.07210121795e-07	3.19928617421e-07	8.06220115902e-05	0.655080213904	0.378830083565
4456605	27.9791090995	1.22632241717e-07	3.64503738226e-07	9.22194457713e-05	0.68449197861	0.325905292479
4433737	27.9379341683	1.2526965543e-07	3.70877090093e-07	9.42027808835e-05	0.919786096257	0.314763231198
168071	27.8563966915	1.30661373061e-07	3.85322951145e-07	9.8257352542e-05	0.465240641711	0.116991643454
190233	27.709196098	1.40990878344e-07	4.14160705137e-07	0.000106025140515	4.07754010695	4.54038997214
364289	27.6849071809	1.42772296909e-07	4.17761740372e-07	0.000107364767276	0.128342245989	1.10027855153
183012	27.6196163473	1.47673529996e-07	4.30428273477e-07	0.000111050494557	0.304812834225	0.119777158774
4232045	27.6024475948	1.48990116834e-07	4.32589065092e-07	0.000112040567859	2.64705882353	2.14206128134
132892	27.1170971212	1.9149682292e-07	5.53867733985e-07	0.000144005610836	0.101604278075	0.448467966574
174045	27.0554940237	1.97697540668e-07	5.69611304914e-07	0.000148668550583	1.68181818182	0.573816155989
186891	26.9299207672	2.10967481157e-07	6.05524984085e-07	0.00015864754583	0.22192513369	0.0640668523677
4372581	26.8675741915	2.17883987943e-07	6.22999083396e-07	0.000163848758933	0.168449197861	0.050139275766
356360	26.8458653824	2.20345258049e-07	6.27650128989e-07	0.000165699634053	0.622994652406	0.178272980501
4347520	26.8280602416	2.22384730826e-07	6.31069122949e-07	0.000167233317581	2.49732620321	6.71866295265
4359984	26.7267835752	2.34350534031e-07	6.62524818013e-07	0.000176231601591	0.31550802139	0.128133704735
4465746	26.7037046673	2.37166366378e-07	6.67974185453e-07	0.000178349107516	0.18449197861	1.20055710306
4481624	26.6518437937	2.43618200003e-07	6.83585397023e-07	0.000183200886402	1.05080213904	2.07520891365
196100	26.5788818519	2.52994114635e-07	7.07254922696e-07	0.000190251574205	0.459893048128	0.242339832869
177618	26.5571516875	2.55855815777e-07	7.12605827647e-07	0.000192403573465	1.10160427807	0.545961002786
4429335	26.4389649317	2.71997908087e-07	7.54769102882e-07	0.000204542426881	13.0909090909	34.7743732591
363625	26.4268720104	2.73706090051e-07	7.567168372e-07	0.000205826979718	0.655080213904	0.320334261838
177150	26.4108150138	2.75990845719e-07	7.60238520075e-07	0.000207545115981	0.152406417112	0.370473537604
2749126	26.4007757085	2.77429044733e-07	7.61411100872e-07	0.000208626641639	0.101604278075	0.359331476323
2731539	26.2311390758	3.0289870852e-07	8.26504169226e-07	0.000227779828807	0.237967914439	0.0724233983287
147484	26.2282982681	3.03344615301e-07	8.26504169226e-07	0.000228115150706	1.17647058824	0.409470752089
193667	26.0424903379	3.33985396247e-07	9.06704036022e-07	0.000251157017978	0.804812834225	0.476323119777
276643	25.815857323	3.75590023445e-07	1.01398021382e-06	0.00028244369763	0.770053475936	0.456824512535
179384	25.8127383274	3.76197446349e-07	1.01398021382e-06	0.000282900479655	0.5	0.281337047354
361702	25.7896716063	3.8072035764e-07	1.02250610338e-06	0.000286301708945	0.628342245989	0.261838440111
4462599	25.763443659	3.85929388191e-07	1.03280747302e-06	0.000290218899919	3.50267379679	1.02228412256
134265	25.6683672723	4.05418325673e-07	1.08111553513e-06	0.000304874580906	4.14438502674	41.217270195
4464173	25.3507950038	4.77955364128e-07	1.27004393577e-06	0.000359422433824	15.7967914439	14.2061281337
4408801	25.335893525	4.81661926206e-07	1.27538650883e-06	0.000362209768507	1.28609625668	0.593314763231
650171	25.1570314265	5.28466178598e-07	1.39440900458e-06	0.000397406566306	2.2807486631	5.13091922006
175168	24.9524149716	5.87628773434e-07	1.54509383784e-06	0.000441896837622	0.401069518717	0.214484679666
187882	24.7068794573	6.67455020879e-07	1.74887169234e-06	0.000501926175701	0.291443850267	1.38440111421
258099	24.4403690768	7.66457004102e-07	2.0013043996e-06	0.000576375667085	0.403743315508	0.228412256267
4451906	24.4164865212	7.76017495435e-07	2.01925659712e-06	0.000583565156567	0.553475935829	0.231197771588
12574	24.3746554415	7.93052071144e-07	2.05646606035e-06	0.0005963751575	1.01069518717	0.612813370474
3943186	24.2204013152	8.59173404431e-07	2.22026941626e-06	0.000646098400132	8.05882352941	2.3704735376
183873	24.1833946508	8.75841909875e-07	2.25559286379e-06	0.000658633116226	0.438502673797	0.373259052925
4102199	24.0542531418	9.36591574536e-07	2.4038118227e-06	0.000704316864051	4.13368983957	1.25348189415
130103	23.9016319111	1.01385780159e-06	2.59326893468e-06	0.000762421066796	0.264705882353	0.74930362117
964363	23.7486187552	1.09774126887e-06	2.79830994642e-06	0.000825501434194	0.181818181818	7.76323119777
369014	23.7358152023	1.10506822896e-06	2.80747063575e-06	0.000831011308181	0.435828877005	0.261838440111
196139	23.614385673	1.17704268951e-06	2.98025623741e-06	0.000885136102512	0.478609625668	0.128133704735
4446058	23.5169546202	1.23817828269e-06	3.12453043149e-06	0.000931110068584	9.10962566845	18.2033426184
189524	23.2659406243	1.41076289575e-06	3.54813945687e-06	0.00106089369761	1.4385026738	1.45961002786
4442130	23.0200932957	1.60317032726e-06	4.01861362033e-06	0.0012055840861	7.90106951872	5.1782729805
4449055	22.9192903925	1.68947822601e-06	4.22088912279e-06	0.00127048762596	58.564171123	5.33704735376
777944	22.7474801982	1.84746226742e-06	4.60030339438e-06	0.0013892916251	0.323529411765	0.091922005571
246330	22.6790105458	1.91447745316e-06	4.751442392e-06	0.00143968704478	0.422459893048	0.852367688022
975306	22.4689267182	2.13570654167e-06	5.28306355045e-06	0.00160605131934	0.614973262032	0.339832869081
4470603	22.3751901626	2.24252264267e-06	5.52910500751e-06	0.00168637702729	10.2486631016	7.27298050139
2506486	22.2733781353	2.36462246915e-06	5.81109835555e-06	0.0017781960968	0.751336898396	0.448467966574
4425368	22.2161425037	2.43616933154e-06	5.96742455153e-06	0.00183199933732	0.208556149733	59.0362116992
181756	22.1996466166	2.4571901861e-06	5.99352480618e-06	0.00184780701995	0.871657754011	0.788300835655
4393208	22.1952957107	2.46276484722e-06	5.99352480618e-06	0.00185199916511	0.358288770053	0.724233983287
4364405	22.1717703374	2.49312758902e-06	6.04784499014e-06	0.00187483194694	8.40374331551	2.61281337047
4430843	22.095523596	2.59413967286e-06	6.27264641154e-06	0.00195079303399	24.8449197861	4.78551532033
4354477	22.0294279136	2.68502043736e-06	6.47158772082e-06	0.0020191353689	1.9679144385	1.88022284123
179625	21.9767260822	2.75976857666e-06	6.63049830559e-06	0.00207534596965	0.288770053476	0.0779944289694
4414044	21.6816117091	3.21861835021e-06	7.70828343744e-06	0.00242040099936	0.820855614973	0.512534818942
4468466	21.6363379531	3.29548911572e-06	7.8673263969e-06	0.00247820781502	2.58823529412	2.29805013928
4452400	21.6118788404	3.33778218038e-06	7.94307658117e-06	0.00251001219965	6.35026737968	3.29247910864
183932	21.4834163934	3.56901855927e-06	8.46656768634e-06	0.00268390195657	0.117647058824	1.66573816156
236142	21.2754204227	3.97799718444e-06	9.40708768144e-06	0.0029914538827	0.687165775401	1.20055710306
148003	21.0328029052	4.51486955779e-06	1.06432034716e-05	0.00339518190746	0.494652406417	0.922005571031
333949	20.96964083	4.66619316262e-06	1.09655539322e-05	0.00350897725829	0.700534759358	0.545961002786
4391009	20.9391194802	4.74112997264e-06	1.11069462287e-05	0.00356532973942	3.80748663102	1.04735376045
327218	20.7797027773	5.15261692582e-06	1.20334407709e-05	0.00387476792822	0.668449197861	0.172701949861
196314	20.7080880437	5.34895893654e-06	1.24533037779e-05	0.00402241712028	0.211229946524	0.0696378830084
2902741	20.5587195986	5.78297739231e-06	1.34222191328e-05	0.00434879899901	0.312834224599	0.114206128134
191251	20.521670748	5.8959941046e-06	1.3642423282e-05	0.00443378756666	1.4064171123	1.55153203343
548475	20.3400392729	6.48296831849e-06	1.49545772255e-05	0.00487519217551	2.40106951872	42.0362116992
196307	20.2026903924	6.96549033258e-06	1.60184976456e-05	0.0052380487301	0.197860962567	1.08356545961
4476065	20.1233497018	7.2604859685e-06	1.66459922205e-05	0.00545988544831	24.2326203209	7.91643454039
4477479	20.111594058	7.30524873912e-06	1.66977114037e-05	0.00549354705182	1.48395721925	0.565459610028
1696853	20.0982046412	7.35657011009e-06	1.67640627963e-05	0.00553214072279	0.72192513369	0.509749303621
566243	20.0827927708	7.41609174917e-06	1.68486434906e-05	0.00557690099537	0.449197860963	0.710306406685
166869	20.0645551527	7.48715147042e-06	1.69341569879e-05	0.00563033790576	0.494652406417	0.33704735376
731422	20.0615900297	7.49876898532e-06	1.69341569879e-05	0.00563907427696	11.0347593583	3.18941504178
4410988	19.9759387062	7.84228169665e-06	1.76568737601e-05	0.00589739583588	0.072192513369	0.626740947075
851634	19.9311729628	8.02806050049e-06	1.80211984966e-05	0.00603710149637	0.687165775401	2.58217270195
302407	19.8711995981	8.2838951334e-06	1.85401462509e-05	0.00622948914031	0.136363636364	0.320334261838
4473664	19.6911820499	9.10204001808e-06	2.03107836605e-05	0.0068447340936	2.45989304813	5.57660167131
4466220	19.672989755	9.18910690266e-06	2.04444035231e-05	0.0069102083908	0.526737967914	0.153203342618
3443818	19.6671273357	9.21734174352e-06	2.04467285874e-05	0.00693144099113	0.112299465241	0.281337047354
317677	19.6506615134	9.29711193229e-06	2.05630240385e-05	0.00699142817308	1.98395721925	1.17548746518
328472	19.5847646563	9.62335411092e-06	2.12221768077e-05	0.00723676229141	3.82352941176	12.0445682451
4471245	19.568680498	9.70471363801e-06	2.12889785023e-05	0.00729794465579	5.93582887701	3.74651810585
4454507	19.5628379142	9.73443825084e-06	2.12889785023e-05	0.00732029756463	6.50534759358	13.9693593315
174840	19.5620261736	9.73857527235e-06	2.12889785023e-05	0.0073234086048	5.01871657754	5.05571030641
1142029	19.4917267603	1.01036340962e-05	2.20229937402e-05	0.00759793284038	19.6684491979	74.2367688022
4401375	19.4358099409	1.04037929632e-05	2.26117118738e-05	0.00782365230832	0.245989304813	0.116991643454
4335815	19.3827525551	1.06968778766e-05	2.31817065221e-05	0.00804405216318	0.620320855615	0.389972144847
192983	19.3286018475	1.10045533362e-05	2.37799543358e-05	0.00827542410886	0.893048128342	0.799442896936
175932	19.2058909482	1.17350693201e-05	2.52858800249e-05	0.00882477212869	0.459893048128	4.00557103064
4454432	18.9007417578	1.37699116835e-05	2.95856388171e-05	0.010354973586	4.74598930481	6.17270194986
4449236	18.6748277252	1.55015503072e-05	3.32112986639e-05	0.011657165831	50.7486631016	123.236768802
316132	18.3621924412	1.82646423279e-05	3.90199177006e-05	0.0137350110306	0.299465240642	0.144846796657
176077	18.2865354422	1.90045688627e-05	4.04856537812e-05	0.0142914357848	0.529411764706	0.356545961003
2056702	18.1777824035	2.01212502216e-05	4.27434467985e-05	0.0151311801667	32.4919786096	8.84122562674
1059977	18.169848444	2.02052510231e-05	4.2800982449e-05	0.0151943487694	0.850267379679	5.87186629526
180414	18.0340688218	2.1698681062e-05	4.5835416176e-05	0.0163174081586	0.232620320856	0.08356545961
4468506	17.9203143878	2.3034924277e-05	4.85217452558e-05	0.0173222630563	7.23796791444	26.9498607242
1098434	17.6651146637	2.6341365309e-05	5.53315829955e-05	0.0198087067124	0.149732620321	1.55710306407
4439469	17.6131917455	2.70704039336e-05	5.67045787133e-05	0.0203569437581	8.80481283422	12.7186629526
176450	17.4518749224	2.94673510154e-05	6.15333922528e-05	0.0221594479636	0.27807486631	0.116991643454
4468391	17.4472389815	2.95393013341e-05	6.15333922528e-05	0.0222135546033	20.8877005348	38.6128133705
212532	17.2547503914	3.26879256088e-05	6.79041990547e-05	0.0245813200578	2.22994652406	0.239554317549
179291	17.1595630515	3.43674807249e-05	7.09381430147e-05	0.0258443455051	0.0641711229947	0.883008356546
189530	17.1583597719	3.43892583253e-05	7.09381430147e-05	0.0258607222607	0.911764705882	0.225626740947
3438642	17.1560327981	3.44314125005e-05	7.09381430147e-05	0.0258924222004	0.205882352941	0.0696378830084
178447	16.9536180235	3.83042505264e-05	7.87016294969e-05	0.0288047963959	0.377005347594	0.197771587744
195465	16.7766584671	4.20473454677e-05	8.61569585606e-05	0.0316196037917	0.695187165775	0.562674094708
12564	16.6903247537	4.40048545093e-05	8.99229635626e-05	0.033091650591	0.251336898396	2.43454038997
801210	16.4758683536	4.92732455132e-05	0.000100415936656	0.0370534806259	42.7673796791	10.0222841226
4336943	16.1942503507	5.7167365568e-05	0.000116188807857	0.0429898589071	11.422459893	6.43732590529
199710	16.0966705432	6.0189762655e-05	0.00012200189088	0.0452627015166	1.24598930481	0.33426183844
183824	15.9884733935	6.37293189555e-05	0.000128829160899	0.0479244478545	0.377005347594	0.233983286908
4429536	15.8232636992	6.95422060442e-05	0.000140203053472	0.0522957389452	0.133689839572	0.534818941504
4416646	15.6702808851	7.53996666797e-05	0.000151605746907	0.0567005493432	0.844919786096	0.367688022284
851821	15.5881477011	7.87466549244e-05	0.000157913292008	0.0592174845031	1.82352941176	11.0501392758
174473	15.577549236	7.91893020473e-05	0.000158378604095	0.0595503551396	0.227272727273	0.105849582173
3195723	15.4667717859	8.39684929069e-05	0.000167491529618	0.063144306666	1.75935828877	2.66852367688
4474255	15.3153751185	9.09730594242e-05	0.000180983440971	0.068411740687	1.61764705882	3.48746518106
4341886	15.243692091	9.44918172483e-05	0.000187487721822	0.0710578465707	0.0641711229947	0.267409470752
2990918	15.2210481471	9.56315785434e-05	0.000189249860696	0.0719149470646	3.48128342246	4.12256267409
2688035	15.1276182127	0.000100482474131	0.000198327612983	0.0755628205465	0.810160427807	0.699164345404
191718	14.9121289188	0.000112636476931	0.000221734635215	0.0847026306521	19.6390374332	11.8746518106
4397439	14.6404354128	0.000130093150837	0.000255430938458	0.0978300494294	0.360962566845	1.21448467967
176877	14.6012727081	0.000132824808282	0.000260115249553	0.0998842558282	0.224598930481	0.0947075208914
1903534	14.5183114766	0.000138803757173	0.000271117988036	0.104380425394	0.409090909091	1.15598885794
176757	14.3236138716	0.000153921920067	0.000299868611115	0.115749283891	0.339572192513	0.114206128134
4480359	14.2731776298	0.000158101813664	0.000307215927326	0.118892563875	11.486631016	3.89693593315
4369434	14.2618154144	0.000159059123158	0.000308279537667	0.119612460615	0.29679144385	0.178272980501
191434	14.2028400909	0.000164122612544	0.000317275590316	0.123420204633	0.243315508021	0.114206128134
54563	14.0888434154	0.000174375007473	0.000336230783641	0.13113000562	1.05347593583	3.356545961
4469302	13.9510241279	0.000187635407976	0.000360874237335	0.141101826798	1.30213903743	6.12534818942
182073	13.9087222994	0.000191905836637	0.000368145890692	0.144313189151	2.70320855615	1.15598885794
3531225	13.75397872	0.000208378980537	0.000398730263011	0.156700993364	0.31550802139	0.520891364903
188735	13.7376099569	0.000210202796869	0.000401199246816	0.158072503246	2.21390374332	2.03621169916
176312	13.7191610483	0.000212277671049	0.000404133692731	0.159632808629	5.39304812834	8.1922005571
192963	13.6692473425	0.000217995299367	0.000413970871526	0.163932465124	60.3262032086	6.28969359331
4412168	13.6319867409	0.000222364452451	0.000421204202124	0.167218068243	2.16844919786	3.98050139276
177697	13.5557451032	0.000231581480395	0.000437560988082	0.174149273257	1.17379679144	0.690807799443
129798	13.5266008848	0.000235205666183	0.000443294889648	0.17687466097	2.36096256684	22.4456824513
1132942	13.2035680772	0.000279416645507	0.000525303293554	0.210121317422	0.724598930481	2.06128133705
3855938	13.1745315045	0.000283779666977	0.000532175335578	0.213402309567	6.90374331551	6.45961002786
1667433	12.8931265226	0.000329791050643	0.000616650947835	0.248002870084	6.55614973262	0.58217270195
4397737	12.8893007968	0.000330465866991	0.000616650947835	0.248510331978	1.31818181818	0.16713091922
4060501	12.7489222724	0.000356214356359	0.000663052465301	0.267873195982	0.564171122995	0.225626740947
539581	12.6051233423	0.00038469085599	0.000714290181986	0.289287523704	5.13903743316	21.5766016713
182886	12.4061297889	0.000427926829919	0.000792613241623	0.321800976099	2.01336898396	1.11977715877
455407	12.1498895486	0.000490907716317	0.000907033421795	0.369162602671	4.2486631016	1.52646239554
181452	12.1435246255	0.000492585941505	0.000907903500029	0.370424628012	0.179144385027	0.0891364902507
176297	12.0105713341	0.000528996384802	0.000972629049807	0.397805281371	0.612299465241	0.445682451253
182097	11.9444130847	0.000548114948245	0.00100532302703	0.41218244108	0.403743315508	0.309192200557
173917	11.5784341307	0.000667211021114	0.00122078512866	0.501742687878	0.505347593583	0.345403899721
955102	11.5733388551	0.000669041770689	0.00122116362029	0.503119411558	0.799465240642	3.10584958217
362793	11.5351206434	0.000682936456029	0.00124350657369	0.513568214934	0.336898395722	0.707520891365
181689	11.5170063563	0.000689623584962	0.0012526496036	0.518596935892	0.109625668449	0.33426183844
195950	11.4159354492	0.000728168238778	0.00131947594111	0.547582515561	1.20855614973	0.523676880223
389371	11.3004993178	0.000774862496108	0.00140071297373	0.582696597073	0.419786096257	0.718662952646
213762	11.2880525739	0.000780074642489	0.00140675331211	0.586616131152	1.74598930481	1.15598885794
184910	11.2536494466	0.000794666207169	0.00142963872677	0.597588987791	0.548128342246	0.440111420613
4381555	11.2004055194	0.000817794582535	0.00146773633906	0.614981526067	0.155080213904	0.08356545961
592616	11.1314803326	0.00084874827579	0.00151966357951	0.638258703394	9.3422459893	8.81894150418
174174	10.9420055764	0.000940083542978	0.00167919910765	0.70694282432	3.01069518717	1.63788300836
128382	10.9274733538	0.000947486249523	0.00168841151574	0.712509659641	1.2513368984	0.676880222841
178082	10.5474059318	0.00116351268649	0.0020684669982	0.874961540239	0.131016042781	0.938718662953
4472551	10.5376717614	0.00116965672183	0.00207448550663	0.879581854813	3.80748663102	2.32311977716
4430581	10.5270104714	0.00117642361278	0.00208157778073	0.884670556808	0.906417112299	0.760445682451
755148	10.468205945	0.0012144660237	0.00214384612635	0.913278449825	8.10160427807	4.93036211699
4453535	10.4398304277	0.00123326592036	0.00217193436091	0.927415972107	0.208556149733	6.65181058496
176924	10.3979956719	0.00126152171536	0.00221650544381	0.948664329951	0.387700534759	0.272980501393
4480244	10.3731193107	0.00127863330175	0.00223645289498	0.961532242915	63.3288770053	30.8913649025
4397098	10.372845715	0.00127882279899	0.00223645289498	0.961674744841	10.9759358289	6.19498607242
4376828	10.2807541741	0.00134424990089	0.00234541978067	1.0	0.553475935829	2.00278551532
4349946	10.2115604672	0.00139563034654	0.00242943060324	1.0	1.40374331551	0.41782729805
4470092	10.0835760289	0.00149596724136	0.00259807705658	1.0	0.122994652406	0.309192200557
4330715	10.0612497996	0.00151420471938	0.00262369112667	1.0	0.542780748663	0.395543175487
3369303	10.035569581	0.00153546061166	0.00265440547118	1.0	2.21657754011	0.576601671309
338355	9.85316003546	0.00169540281449	0.00292418100114	1.0	0.0855614973262	0.311977715877
185088	9.76580354935	0.00177787792761	0.00305941464888	1.0	0.328877005348	0.161559888579
186389	9.53094291432	0.00202036293316	0.00346875097201	1.0	0.192513368984	0.091922005571
4414725	9.51794101428	0.00203472747488	0.00347970142927	1.0	0.128342245989	0.598885793872
3963289	9.51679773427	0.00203599551712	0.00347970142927	1.0	1.38235294118	1.12534818942
851715	9.36226360825	0.00221498428499	0.00377702535671	1.0	0.625668449198	0.676880222841
4462432	9.35059825454	0.00222912692464	0.00379254173604	1.0	3.22994652406	8.643454039
312586	9.29366738662	0.00229947352593	0.00390339524041	1.0	0.748663101604	0.476323119777
175612	9.19514698988	0.00242657603381	0.00410987652573	1.0	0.326203208556	0.214484679666
4217226	9.11163348116	0.00253988961033	0.00429212806061	1.0	0.109625668449	0.214484679666
3680006	9.09015735564	0.0025698876053	0.00433308403405	1.0	0.267379679144	0.144846796657
4415390	8.97256778423	0.00274063161441	0.0046106375258	1.0	5.39839572193	3.11699164345
1848900	8.70522024466	0.00317300077262	0.00532610843976	1.0	0.304812834225	0.220055710306
4431545	8.653089293	0.00326507288508	0.00546845169172	1.0	0.909090909091	0.576601671309
4326869	8.40880250225	0.00373408540506	0.00624007161023	1.0	0.288770053476	0.0947075208914
198511	8.36558648155	0.00382393190521	0.00637604610359	1.0	0.72192513369	0.537604456825
185113	8.23057128226	0.00411905618838	0.00685294303908	1.0	0.0909090909091	0.242339832869
3671383	8.11633129063	0.00438682453055	0.0072823223995	1.0	0.312834224599	0.192200557103
4480189	8.07616132564	0.00448513540348	0.00741640364741	1.0	1.96256684492	1.02506963788
186379	8.07527943864	0.00448731869624	0.00741640364741	1.0	0.163101604278	0.0891364902507
179760	7.99562381193	0.00468905423423	0.00773282628102	1.0	0.288770053476	0.342618384401
368203	7.9539396108	0.00479828135942	0.00789564022381	1.0	0.173796791444	0.105849582173
188329	7.93860983656	0.00483909955349	0.00793042774519	1.0	0.122994652406	0.381615598886
2829179	7.938081084	0.00484051374341	0.00793042774519	1.0	3.48128342246	6.97493036212
874462	7.92613999135	0.00487256349557	0.00796558206232	1.0	3.1550802139	5.54317548747
175560	7.87561252848	0.00501058967747	0.00817345648038	1.0	0.644385026738	0.214484679666
190441	7.84779078294	0.00508828482567	0.00828222984612	1.0	0.558823529412	0.437325905292
688923	7.83376537326	0.00512791663268	0.00832871124789	1.0	1.47593582888	0.573816155989
145801	7.82874569384	0.0051421771397	0.00833387329537	1.0	12.6818181818	13.1643454039
851668	7.80443377687	0.0052118194557	0.00842857684019	1.0	10.4411764706	54.9944289694
187894	7.76049927507	0.0053401196801	0.00861753218763	1.0	0.457219251337	0.41782729805
4472091	7.63382532579	0.00572836803491	0.00922426715686	1.0	5.4385026738	9.18941504178
4004998	7.57854286672	0.00590671687526	0.00949113480811	1.0	2.67914438503	1.30640668524
195015	7.35597454317	0.00668402703394	0.0107172459052	1.0	0.24064171123	0.175487465181
4452050	7.33006256126	0.00678106936047	0.0108497109767	1.0	2.48930481283	4.54596100279
177941	7.31950589733	0.00682101628304	0.0108904548723	1.0	0.254010695187	0.986072423398
157772	7.22775215658	0.00717850349689	0.0114369377747	1.0	0.195187165775	0.860724233983
300662	7.20680112799	0.00726278255618	0.0115467494339	1.0	0.248663101604	0.284122562674
110192	7.20287859357	0.00727867364514	0.0115476003822	1.0	0.393048128342	0.384401114206
198185	7.16827886709	0.00742039343419	0.0117476544474	1.0	1.86898395722	2.01949860724
181204	7.06793505453	0.00784756483271	0.0123978335172	1.0	0.360962566845	0.298050139276
4412022	7.0283646565	0.00802285846749	0.0126481961584	1.0	0.144385026738	0.991643454039
4436550	6.99663757808	0.0081662965717	0.0128473954434	1.0	0.20320855615	0.300835654596
4368600	6.8914876911	0.00866071602976	0.0135967817419	1.0	0.48128342246	0.944289693593
182033	6.77938823109	0.00922164910634	0.0144472502666	1.0	0.264705882353	0.261838440111
177032	6.76505306862	0.00929601595377	0.0145334802437	1.0	0.264705882353	0.1643454039
288930	6.7309763916	0.00947527194035	0.0147829968862	1.0	0.882352941176	0.824512534819
4460021	6.62558955647	0.010052386415	0.0156509204639	1.0	1.19251336898	1.87465181058
4254528	6.52969167147	0.0106088344978	0.0164831478147	1.0	0.729946524064	3.66295264624
1099710	6.52082443698	0.0106618567438	0.0165313737553	1.0	0.874331550802	1.26183844011
148279	6.4934763214	0.0108271050294	0.0167530514036	1.0	0.358288770053	0.286908077994
4413347	6.41941015654	0.0112879647046	0.0174302863612	1.0	0.179144385027	0.311977715877
3991527	6.34165001233	0.0117935124562	0.0181736093588	1.0	13.5855614973	8.28412256267
25695	6.28919653044	0.0121476106752	0.0186809881958	1.0	0.94385026738	2.57103064067
187929	6.2666368425	0.0123032453288	0.0188817152802	1.0	0.435828877005	0.50139275766
1096610	6.10942442121	0.0134462910931	0.0205939122241	1.0	48.179144385	64.8105849582
4344207	6.10446189488	0.0134841000983	0.0206098440526	1.0	2.5320855615	6.95821727019
188079	5.85950748697	0.0154931287062	0.0236325208663	1.0	0.823529411765	1.29526462396
134786	5.83374610519	0.0157216106835	0.0239324923765	1.0	3.26737967914	5.41225626741
4437368	5.82323755428	0.015815807147	0.0240272464132	1.0	0.112299465241	0.33147632312
4452107	5.77482148628	0.0162573713614	0.0246482727092	1.0	0.33422459893	0.242339832869
4418496	5.70977768481	0.0168706757788	0.0255266563091	1.0	0.197860962567	0.189415041783
25005	5.69768908873	0.016987264707	0.025651451927	1.0	0.494652406417	0.473537604457
348642	5.40282076141	0.0201042337228	0.0302973622436	1.0	0.29679144385	0.267409470752
1100471	5.36954729139	0.0204912952024	0.0308189079845	1.0	7.85026737968	9.44846796657
175062	5.3592875873	0.0206121923001	0.0309108864787	1.0	0.42513368984	2.79944289694
2256425	5.35502291849	0.0206626627178	0.0309108864787	1.0	0.470588235294	0.197771587744
176113	5.35391748954	0.0206757658228	0.0309108864787	1.0	0.163101604278	0.108635097493
197708	5.3048684681	0.0212659053124	0.0317300809423	1.0	0.101604278075	0.275766016713
4477696	5.28718901395	0.0214828693835	0.0319903322304	1.0	14.7032085561	12.4512534819
91962	5.22827674815	0.0222225389012	0.0330263819243	1.0	1.48663101604	0.487465181058
34139	5.20673704106	0.022499522626	0.0333720730074	1.0	0.096256684492	0.16991643454
300491	5.08614324539	0.0241177706948	0.0356879782939	1.0	0.197860962567	0.384401114206
189760	5.08212844081	0.0241736768908	0.0356879782939	1.0	0.160427807487	0.370473537604
2442706	5.08000621942	0.0242032831514	0.0356879782939	1.0	0.770053475936	0.743732590529
4454839	5.02872226636	0.0249302842127	0.0366880112094	1.0	132.745989305	149.573816156
9912	5.00224630482	0.0253144437411	0.0371744552757	1.0	0.807486631016	1.6295264624
4398028	4.99915467839	0.0253597015378	0.0371744552757	1.0	1.1256684492	2.70752089136
195166	4.98636847229	0.0255477709107	0.0373772835114	1.0	0.762032085561	2.38997214485
187144	4.90653841257	0.0267552089703	0.0390678002828	1.0	0.245989304813	0.66573816156
151870	4.83367182792	0.0279091306798	0.0406737718435	1.0	0.457219251337	0.395543175487
1105876	4.79645888096	0.0285182951394	0.0413440096369	1.0	0.483957219251	1.46239554318
301765	4.796304491	0.0285208510826	0.0413440096369	1.0	0.0828877005348	0.203342618384
3044876	4.79551263492	0.0285339640978	0.0413440096369	1.0	0.104278074866	0.197771587744
212686	4.75239739157	0.0292575058988	0.0423108546845	1.0	0.542780748663	0.306406685237
4389289	4.74304177732	0.029417015287	0.0424391511433	1.0	0.775401069519	0.470752089136
546384	4.74058270457	0.0294590916181	0.0424391511433	1.0	0.614973262032	0.256267409471
157338	4.70057625299	0.0301525061119	0.0433550374688	1.0	7.31818181818	6.97493036212
188333	4.67967395088	0.0305215409238	0.0437510856137	1.0	0.668449197861	0.601671309192
872701	4.67839302832	0.0305443084404	0.0437510856137	1.0	0.409090909091	4.26462395543
4443172	4.67354674248	0.0306306081722	0.0437912877291	1.0	13.4705882353	42.2701949861
4356062	4.64546939767	0.0311356209136	0.04442013784	1.0	8.05614973262	11.0389972145
197537	4.64255105862	0.0311886074196	0.04442013784	1.0	0.16577540107	0.091922005571
14280	4.59983220213	0.0319750855877	0.0454541859394	1.0	4.77005347594	14.6601671309
4349519	4.59144253403	0.0321319601392	0.0455910075937	1.0	1.33422459893	1.87465181058
692756	4.58209540823	0.0323076841541	0.0457540084442	1.0	0.374331550802	1.54596100279
199318	4.50072405007	0.0338805047853	0.0478134455324	1.0	0.200534759358	0.114206128134
4434579	4.50029275411	0.0338890511553	0.0478134455324	1.0	7.29946524064	5.25348189415
197354	4.38293350437	0.0363004709905	0.0511197643911	1.0	0.25935828877	0.200557103064
185584	4.36965750176	0.0365843445004	0.0514232281576	1.0	0.125668449198	0.236768802228
183925	4.30718391973	0.0379517369077	0.0532457204377	1.0	0.192513368984	0.278551532033
3989856	4.30065522323	0.0380976924283	0.0533509584843	1.0	1.23796791444	0.852367688022
193480	4.28844085169	0.0383723390752	0.0536356858448	1.0	0.29679144385	0.33704735376
319680	4.24784303413	0.03930021575	0.0548307277253	1.0	0.529411764706	0.512534818942
2407149	4.14204769587	0.0418305391825	0.0582528990098	1.0	21.692513369	25.6211699164
4473883	4.08743581376	0.0432031377454	0.0600531600453	1.0	4.2486631016	39.1949860724
160178	4.03742616099	0.044501644363	0.0616942191345	1.0	0.326203208556	0.509749303621
530379	4.03420894169	0.0445865738306	0.0616942191345	1.0	0.155080213904	0.114206128134
180421	4.03257167172	0.0446298606505	0.0616942191345	1.0	3.2513368984	0.896935933148
505670	4.01572137302	0.0450779355574	0.0621851547611	1.0	24.6069518717	79.5682451253
179663	4.01301316545	0.0451503916218	0.0621851547611	1.0	0.224598930481	0.158774373259
526682	3.96558126963	0.0464394858594	0.0638436807428	1.0	0.163101604278	0.0891364902507
207994	3.95320408136	0.0467822124143	0.0641974885685	1.0	0.430481283422	0.389972144847
195004	3.8692356932	0.0491789121111	0.0673634643124	1.0	0.323529411765	0.264623955432
4431558	3.86461851055	0.0493144035152	0.0674262389881	1.0	1.39839572193	1.54317548747
197481	3.85092009966	0.0497187089948	0.0678556609149	1.0	0.163101604278	0.136490250696
175148	3.8248804273	0.0504969508363	0.0687929475161	1.0	0.254010695187	0.325905292479
495451	3.74574424621	0.0529421452554	0.0719936586475	1.0	9.28342245989	29.9052924791
181074	3.7053918548	0.054236934797	0.0736212544537	1.0	0.390374331551	0.264623955432
104135	3.68184172624	0.0550080569046	0.0745334392653	1.0	0.858288770053	1.54596100279
158649	3.66745262594	0.0554849247522	0.0750443586576	1.0	0.192513368984	0.629526462396
3236435	3.62146113174	0.0570387579747	0.0770074434416	1.0	1.17914438503	0.860724233983
537085	3.60724501491	0.0575283457831	0.0775292401952	1.0	0.339572192513	0.175487465181
232828	3.53564610007	0.0600629291059	0.080800219477	1.0	0.128342245989	0.186629526462
963239	3.5003433617	0.061356106869	0.0823924863669	1.0	0.219251336898	0.58217270195
138179	3.49073854874	0.0617130470709	0.0827240844872	1.0	4.82085561497	5.48746518106
193709	3.45987977752	0.062874886291	0.0841315204463	1.0	1.27005347594	2.03621169916
4429608	3.45503006904	0.0630595879654	0.0842287924511	1.0	1.93582887701	7.21727019499
1028632	3.39286055475	0.0654792573299	0.0873056764399	1.0	0.564171122995	0.565459610028
4347159	3.35725578991	0.0669094799082	0.0890547413999	1.0	39.3823529412	68.0
4379646	3.34325540149	0.0674809770645	0.0896567045097	1.0	0.94385026738	0.727019498607
4361189	3.32936519074	0.0680531360709	0.0902574220905	1.0	6.21657754011	10.3370473538
451449	3.305504732	0.0690481304512	0.0914158346819	1.0	1.35561497326	3.86908077994
536866	3.22056360905	0.0727185881961	0.0959461691564	1.0	0.213903743316	0.554317548747
231952	3.22041579592	0.0727251548127	0.0959461691564	1.0	0.526737967914	0.225626740947
174589	3.18632491242	0.0742567774952	0.097795265633	1.0	0.200534759358	0.144846796657
191978	3.17659503587	0.0747002428873	0.0982073123273	1.0	0.286096256684	0.303621169916
211706	2.92977729284	0.0869594875556	0.114124842307	1.0	1.16310160428	1.62395543175
4426438	2.91166279495	0.0879411634451	0.115212116569	1.0	18.2620320856	34.8384401114
157966	2.88349504971	0.0894915878431	0.117039433144	1.0	0.197860962567	0.144846796657
360890	2.87105694304	0.0901856246091	0.11774234324	1.0	3.3743315508	0.571030640669
2985051	2.78380405387	0.0952217543507	0.124101835826	1.0	0.18449197861	0.423398328691
1000986	2.76254284651	0.096494749727	0.125543342205	1.0	5.14973262032	8.43454038997
253584	2.74768579266	0.0973953033884	0.126496145334	1.0	1.90106951872	4.08635097493
246717	2.72129227642	0.0990178201675	0.128381725459	1.0	5.62032085561	5.29805013928
1007750	2.69790097405	0.100480455397	0.130053876865	1.0	0.390374331551	0.364902506964
4442459	2.6421159162	0.104064861577	0.134461814271	1.0	0.5	0.454038997214
179557	2.48364131812	0.115035650995	0.148382177612	1.0	0.27807486631	0.1643454039
189936	2.44773932353	0.117694263026	0.151551516774	1.0	0.18449197861	0.704735376045
177986	2.43747385869	0.118466868442	0.152285615502	1.0	1.06684491979	1.46239554318
4450198	2.41781619198	0.119962060909	0.15394448772	1.0	1.60695187166	2.22284122563
311950	2.37530607237	0.123267436132	0.157916715454	1.0	0.978609625668	0.353760445682
4365130	2.36177131459	0.124340932653	0.159021056726	1.0	84.3101604278	105.623955432
367417	2.35513807673	0.124870828374	0.159427611099	1.0	1.11497326203	0.270194986072
183169	2.3267525991	0.127166921874	0.162083941101	1.0	0.22192513369	0.194986072423
178151	2.32343867985	0.127438030661	0.162154651534	1.0	0.179144385027	0.155988857939
3903651	2.23252887709	0.135132513036	0.171654813856	1.0	16.5401069519	23.5766016713
4458306	2.22129855278	0.136118528957	0.172615739926	1.0	3.22192513369	36.0835654596
190502	2.21710563266	0.136488727595	0.172793810019	1.0	0.232620320856	0.175487465181
4328910	2.17946249911	0.139863300622	0.176768406836	1.0	1.5935828877	8.10863509749
147195	2.1624312324	0.141420774076	0.178436949841	1.0	0.270053475936	0.389972144847
503372	2.15184253979	0.142398908481	0.179370149377	1.0	8.76737967914	8.95821727019
359872	2.12964643386	0.144474077375	0.18167977623	1.0	10.2727272727	23.7743732591
177342	2.10655637289	0.146669045399	0.183825352554	1.0	0.224598930481	0.153203342618
1082607	2.10655513298	0.146669164272	0.183825352554	1.0	2.80213903743	4.69637883008
4376230	2.08233196708	0.149012373159	0.186451421989	1.0	0.379679144385	0.328690807799
335816	2.05066268699	0.152139955526	0.190048582318	1.0	0.374331550802	0.467966573816
2066056	2.04436563369	0.152770654915	0.190519954388	1.0	0.756684491979	2.08913649025
193859	2.01925926487	0.1553148911	0.193372182297	1.0	0.256684491979	0.192200557103
4377149	2.0021653338	0.157074677822	0.195239930119	1.0	0.232620320856	0.406685236769
1888072	1.97189802107	0.160246541787	0.198853794429	1.0	0.219251336898	0.172701949861
4327141	1.95711453321	0.161822250405	0.200478306927	1.0	0.0989304812834	0.16991643454
130763	1.94780712736	0.162823349738	0.201386774676	1.0	0.550802139037	0.339832869081
1790209	1.93242559286	0.164493316982	0.203118184516	1.0	5.04812834225	0.891364902507
181827	1.86559763216	0.171980140984	0.212014862327	1.0	0.262032085561	0.298050139276
228556	1.83433816156	0.175616001706	0.216142771331	1.0	0.224598930481	0.309192200557
189679	1.82987203293	0.176142661062	0.216436733854	1.0	0.262032085561	0.242339832869
1077373	1.79658614933	0.180125761311	0.220969938835	1.0	11.9037433155	17.208913649
4442899	1.74885074548	0.186021274912	0.227830616831	1.0	7.80748663102	5.27855153203
113542	1.70449412804	0.191701290402	0.234405480296	1.0	0.411764705882	1.01949860724
187385	1.69738814343	0.19262990551	0.235158585948	1.0	0.20320855615	0.172701949861
363519	1.61553343925	0.203715712146	0.248288842032	1.0	0.697860962567	0.540389972145
516553	1.59727522975	0.206289778206	0.25101927704	1.0	0.262032085561	0.197771587744
4405104	1.58809178231	0.207598976865	0.252204249762	1.0	1.87165775401	3.69637883008
183054	1.56557749688	0.210850432516	0.255741169761	1.0	0.136363636364	0.194986072423
4428313	1.56153312052	0.211440883081	0.256044354391	1.0	3.35294117647	7.15320334262
181862	1.53788721465	0.21493256318	0.259854159986	1.0	0.614973262032	1.15877437326
994357	1.53044067354	0.21604631955	0.260781432266	1.0	3.18449197861	5.9860724234
787049	1.496532988	0.221205589914	0.266581095537	1.0	0.288770053476	0.181058495822
1039584	1.48105546715	0.223609457674	0.269046899473	1.0	0.954545454545	2.39832869081
4403113	1.41153903401	0.234801072799	0.282061352628	1.0	0.173796791444	0.259052924791
187504	1.40589270711	0.235739425662	0.282736918816	1.0	1.26203208556	1.88022284123
4476950	1.37086571383	0.241663197785	0.289179913553	1.0	17.6524064171	19.2896935933
4454979	1.36960047549	0.241880539395	0.289179913553	1.0	0.122994652406	0.116991643454
1100972	1.34491897795	0.246168355896	0.293839053387	1.0	1.52673796791	0.969359331476
4356307	1.31853766803	0.250854662247	0.298958329651	1.0	3.31016042781	1.27855153203
178183	1.29900813977	0.254394477778	0.302697226723	1.0	0.24064171123	0.403899721448
180572	1.27216243509	0.259361400237	0.307998524995	1.0	0.195187165775	0.325905292479
4360128	1.26963854715	0.259834499154	0.307998524995	1.0	0.25935828877	0.33704735376
172233	1.26833885124	0.260078541718	0.307998524995	1.0	0.213903743316	0.178272980501
1602805	1.249703176	0.263609176627	0.311688837773	1.0	0.719251336898	1.25069637883
189588	1.23439374583	0.2665542577	0.314676297944	1.0	0.173796791444	0.194986072423
171399	1.23108184289	0.267196748522	0.314940368164	1.0	0.216577540107	0.155988857939
248902	1.22516277802	0.268349829255	0.315804493896	1.0	3.71390374332	3.74651810585
179319	1.21824443059	0.269705458551	0.316903913798	1.0	0.328877005348	0.50139275766
183650	1.2135351052	0.27063313178	0.317497839467	1.0	0.155080213904	1.12534818942
4479989	1.20939238258	0.271452492359	0.317963044009	1.0	3.2807486631	4.5348189415
4468234	1.1960132658	0.274119956446	0.320588191675	1.0	866.240641711	1114.50696379
175844	1.19264219341	0.274797241762	0.32088125125	1.0	8.17647058824	3.19777158774
495017	1.07022587488	0.300894431598	0.350810252034	1.0	6.50534759358	13.4986072423
4350788	1.02669921166	0.310935190725	0.361618549045	1.0	0.283422459893	0.242339832869
3841096	1.02588724269	0.311126597383	0.361618549045	1.0	0.649732620321	0.395543175487
4393565	1.00547498383	0.315989338754	0.366703677072	1.0	0.577540106952	3.92200557103
1062356	0.988535732954	0.320100517663	0.370902294735	1.0	1.04545454545	0.284122562674
175704	0.983722899875	0.321281407298	0.371697874289	1.0	0.192513368984	0.181058495822
30062	0.967969145915	0.32518719079	0.375638659714	1.0	3.74331550802	12.8662952646
4482516	0.957629496814	0.327784847852	0.378058597522	1.0	1.48128342246	0.788300835655
1108656	0.95278807129	0.329010631693	0.378891263451	1.0	0.152406417112	0.183844011142
366451	0.92528540792	0.336091012932	0.386453274808	1.0	0.483957219251	0.348189415042
1035532	0.92032326328	0.337390108202	0.387354750181	1.0	1.93315508021	1.84401114206
306299	0.892471873725	0.344808331544	0.39526808738	1.0	0.689839572193	1.41225626741
4403632	0.862766084298	0.352965778561	0.404003448216	1.0	2.10695187166	2.00557103064
194670	0.857047181838	0.354566338141	0.405218672162	1.0	0.141711229947	0.16713091922
3141342	0.845602516656	0.357799348512	0.408103166369	1.0	0.393048128342	0.392757660167
102407	0.843807815146	0.358309999802	0.408103166369	1.0	0.390374331551	0.376044568245
4378081	0.842375211084	0.358718341715	0.408103166369	1.0	0.668449197861	6.06685236769
4342104	0.828157757104	0.36280577421	0.412129822063	1.0	0.625668449198	1.25905292479
4225004	0.816323367871	0.36625732432	0.415423088821	1.0	0.371657754011	0.554317548747
213522	0.787241785593	0.374935454165	0.424625695079	1.0	0.451871657754	0.356545961003
4094259	0.775853301558	0.37841235544	0.427918934272	1.0	0.286096256684	0.292479108635
4366089	0.74994966851	0.386492166486	0.436399563359	1.0	2.3449197861	7.27855153203
185232	0.743328701535	0.388596658373	0.438013674707	1.0	0.187165775401	0.323119777159
1134151	0.741794581982	0.389086615298	0.438013674707	1.0	7.97058823529	3.65459610028
188127	0.724968176529	0.394519076727	0.443465389684	1.0	0.251336898396	0.554317548747
4288931	0.709418094688	0.399637058054	0.448547862174	1.0	1.0320855615	1.356545961
4425214	0.686522439325	0.407349752721	0.456523120784	1.0	13.6577540107	19.7688022284
180640	0.675280244549	0.411216708266	0.460171078298	1.0	0.366310160428	0.33704735376
173876	0.62180679819	0.430376659923	0.480896357002	1.0	14.7860962567	18.9164345404
4435690	0.602809945205	0.437507908671	0.488139387716	1.0	0.120320855615	0.194986072423
2835813	0.594439631869	0.440707457493	0.490980752644	1.0	1.0	2.20055710306
4372973	0.587919535673	0.443224750873	0.492430245578	1.0	4.04278074866	2.18662952646
813479	0.586468893885	0.443787833187	0.492430245578	1.0	0.957219251337	1.27298050139
177593	0.58599244264	0.443973013965	0.492430245578	1.0	0.732620320856	0.431754874652
4387453	0.582418742254	0.445365809869	0.493247553787	1.0	9.84759358289	0.866295264624
4448492	0.575282949738	0.448167216601	0.495620216006	1.0	4.96524064171	6.61838440111
851938	0.531452406134	0.465996877102	0.514580986168	1.0	0.125668449198	0.426183844011
4306262	0.527664223661	0.467590527068	0.51558368967	1.0	24.4839572193	85.6183844011
619817	0.471046596963	0.492506078659	0.542261451174	1.0	0.94385026738	0.777158774373
841635	0.45554590605	0.499712990336	0.54939205955	1.0	5.86363636364	42.3064066852
4380191	0.449214385072	0.502708266629	0.551878272271	1.0	0.288770053476	0.403899721448
1122673	0.416988211064	0.518443706929	0.568323130627	1.0	5.78342245989	2.65459610028
184000	0.403614655587	0.525228377751	0.574922474628	1.0	0.144385026738	0.142061281337
495394	0.366183501784	0.545091971843	0.595798201782	1.0	1.75401069519	1.98885793872
621472	0.34532747086	0.556770128426	0.607679443507	1.0	0.264705882353	0.33426183844
194425	0.336938134013	0.561601943498	0.612064726826	1.0	0.141711229947	0.189415041783
4442508	0.328213067755	0.566713197813	0.616741425116	1.0	0.625668449198	0.604456824513
4476604	0.323724970735	0.569377626429	0.61859449658	1.0	40.6203208556	91.1615598886
4030375	0.322580196494	0.570061151769	0.61859449658	1.0	0.160427807487	0.192200557103
495007	0.30849032999	0.578608059971	0.626964353167	1.0	4.60160427807	2.96657381616
4402903	0.305249933968	0.580609749485	0.62822810304	1.0	0.534759358289	0.908077994429
368486	0.282099495529	0.595328423394	0.643228411484	1.0	4.08288770053	5.65459610028
4424239	0.266603152836	0.605619562149	0.653408767196	1.0	0.192513368984	0.33426183844
73609	0.262078259658	0.608695944343	0.655787034593	1.0	1.83957219251	1.51253481894
557799	0.235778649218	0.627271761112	0.674833139279	1.0	0.510695187166	1.89972144847
4457872	0.233840515702	0.628690650965	0.675393385036	1.0	35.2032085561	39.2813370474
4427459	0.228488742031	0.632646674597	0.67867375078	1.0	10.5294117647	9.04735376045
99566	0.21850674955	0.640180063255	0.685776933858	1.0	0.136363636364	0.133704735376
1061772	0.212206561533	0.645043393786	0.689785304666	1.0	0.224598930481	0.259052924791
3530697	0.21129221968	0.645756455432	0.689785304666	1.0	0.558823529412	0.938718662953
4478125	0.202790021037	0.652478184098	0.695976729704	1.0	53.564171123	139.122562674
2654263	0.19860378762	0.655850196508	0.698582645573	1.0	0.243315508021	0.437325905292
178859	0.196467734272	0.6575872243	0.699442139567	1.0	0.430481283422	0.456824512535
4402645	0.194826976013	0.658929168576	0.699879568883	1.0	0.697860962567	2.18662952646
3794053	0.18549558146	0.666692351187	0.707126443008	1.0	0.454545454545	0.576601671309
3805726	0.164542676632	0.685008160132	0.725529769604	1.0	6.83957219251	9.37883008357
239358	0.157763879972	0.691223657922	0.731083250011	1.0	0.179144385027	0.175487465181
4393532	0.14868148576	0.69979857535	0.739113102055	1.0	4.37967914439	5.37604456825
185203	0.145531636683	0.702842591016	0.741286996415	1.0	2.40909090909	5.51532033426
180352	0.142290740469	0.706014243405	0.743589231149	1.0	0.272727272727	0.328690807799
188887	0.133567365547	0.714761572336	0.751749234122	1.0	0.430481283422	0.504178272981
4477861	0.122329733573	0.726521314136	0.762638202268	1.0	0.954545454545	15.7938718663
4396426	0.120176661143	0.72884296524	0.762638202268	1.0	0.302139037433	0.660167130919
819636	0.119945064017	0.729094079671	0.762638202268	1.0	0.459893048128	0.573816155989
189387	0.119873834697	0.729171366264	0.762638202268	1.0	0.187165775401	0.428969359331
4361727	0.109417092693	0.740808745756	0.773124550085	1.0	1.58823529412	2.14484679666
2599028	0.109027776905	0.741253724217	0.773124550085	1.0	0.344919786096	0.370473537604
2859978	0.103329858742	0.747869684673	0.778702086874	1.0	0.229946524064	0.233983286908
4393745	0.102650050573	0.748672352141	0.778702086874	1.0	1.70855614973	1.99164345404
179358	0.100692592484	0.751000073789	0.77923529247	1.0	2.06684491979	4.29526462396
2771891	0.100477447009	0.751257429575	0.77923529247	1.0	13.8288770053	6.8077994429
4383958	0.0929365135775	0.760476661832	0.78771136322	1.0	0.98128342246	0.735376044568
4465275	0.0862687826984	0.768975325109	0.795418768201	1.0	0.235294117647	0.671309192201
184882	0.074723466	0.784579623694	0.810444886014	1.0	0.379679144385	0.412256267409
195494	0.068601182912	0.793384449716	0.818415783521	1.0	0.280748663102	0.320334261838
183296	0.0670657616798	0.795657939521	0.819636671945	1.0	1.46256684492	1.34540389972
1010876	0.0559823360499	0.812962568633	0.835255975871	1.0	0.149732620321	0.142061281337
181422	0.0559340704242	0.813041721193	0.835255975871	1.0	2.68181818182	1.44289693593
4475758	0.0490902035008	0.8246540171	0.846029769248	1.0	2.10160427807	2.86908077994
4390839	0.0371004941628	0.847260586194	0.868038093758	1.0	0.133689839572	0.142061281337
4466707	0.0328425259596	0.856190917463	0.875993972696	1.0	4.20855614973	3.14763231198
175145	0.03172089562	0.858641607598	0.877307729502	1.0	0.264705882353	0.25348189415
4447176	0.0288656504915	0.86508961319	0.882696593105	1.0	0.516042780749	3.56545961003
315846	0.025460182045	0.873225744194	0.889791002214	1.0	9.83155080214	11.3147632312
4465905	0.024258928183	0.876227893113	0.89164191559	1.0	0.200534759358	0.325905292479
182036	0.0203336247075	0.886609241527	0.900986688687	1.0	0.435828877005	0.593314763231
591285	0.0195110183773	0.888911369787	0.902107085128	1.0	0.29679144385	0.387186629526
4426874	0.0137619590288	0.90661331023	0.918831818454	1.0	1.51871657754	1.85793871866
110060	0.0122986210797	0.911696321045	0.922739748891	1.0	0.465240641711	0.596100278552
190649	0.0113466231103	0.91516936824	0.925009899081	1.0	0.29679144385	0.520891364903
198420	0.0106281217518	0.917889333433	0.926513796968	1.0	0.112299465241	0.128133704735
824742	0.00702336566098	0.933211056867	0.940716775823	1.0	0.414438502674	0.426183844011
4372003	0.00471172550711	0.945274578736	0.951601717817	1.0	0.390374331551	0.398328690808
2487345	0.0041458924815	0.948660802921	0.953733855343	1.0	0.136363636364	0.348189415042
4401110	0.00368692257898	0.951582175966	0.955393586551	1.0	0.558823529412	0.640668523677
587933	0.00308066674838	0.955737139014	0.958285771385	1.0	1.36898395722	1.92757660167
184984	0.000594444858138	0.980548512284	0.981854169424	1.0	0.208556149733	0.217270194986
1944498	0.000267670455274	0.986946682368	0.986946682368	1.0	3.89839572193	5.68802228412